id,bid,正文,原始图片url,视频url,位置,日期,工具,点赞数,评论数,转发数,话题,@用户
4433058473931232,IdS07guGY,“第六届中国电视好演员”启动仪式 新的一届好演员，已启动分享谢鹏-演工委 的@绿洲 动态，戳我看看>>绿洲 @微博电视剧 ,https://wx3.sinaimg.cn/large/5330fdf3ly1g8g2u9umzdj20hs0a0abd.jpg,,,2019-10-30,iPhone客户端,0,0,0,,"绿洲,微博电视剧"
4433053000493448,IdRRi24mQ,“中国电视好演员”—致敬“好演员” “好人，好戏、好演员”—分享谢鹏-演工委 的@绿洲 动态，戳我看看>>绿洲 @微博电视剧 ,https://wx1.sinaimg.cn/large/5330fdf3ly1g8g27otl2hj20hn0a0gm8.jpg,,,2019-10-30,iPhone客户端,1,0,0,,"绿洲,微博电视剧"
4433052631152744,IdRQH4PSE,“五届中国电视好演员”—致敬好演员 “中国电视好演员”，好人、好戏、好演员分享谢鹏-演工委 的@绿洲 动态，戳我看看>>绿洲 @微博电视剧 ,https://wx4.sinaimg.cn/large/5330fdf3ly1g8g25kankzj20hn0a0aak.jpg,,,2019-10-30,iPhone客户端,0,0,0,,"绿洲,微博电视剧"
4431787466160235,IdkW6pQyD,北京的秋 这最美的季节！ @谢鹏XP 在@绿洲 发了一条超棒的动态，戳我看看>>绿洲 ,https://wx3.sinaimg.cn/large/5330fdf3ly1g8c0v9qs7kj20u00u0n5d.jpg,,,2019-10-26,iPhone客户端,1,0,0,,"谢鹏XP,绿洲"
4431787394509609,IdkVZiV9D,@谢鹏XP 在@绿洲 等你，戳我看看>>绿洲 ,https://wx3.sinaimg.cn/large/5330fdf3ly1g8c0uz57joj20ku11242b.jpg,,,2019-10-26,iPhone客户端,0,0,0,,"谢鹏XP,绿洲"
4429681018811350,Ics8BAYey,今天是我的生日10月21日，来祝福我吧~,,,,2019-10-21,生日动态,1,0,0,,
4428035375793805,IbLklojet,#中国电视好演员##第六届中国电视好演员# 第六届中国电视好演员，在京启动！ ,"https://wx1.sinaimg.cn/large/5330fdf3ly1g801xr425ij23n91tm7wk.jpg,https://wx2.sinaimg.cn/large/5330fdf3ly1g801xsyz2lj23r32i4npf.jpg,https://wx3.sinaimg.cn/large/5330fdf3ly1g801xtyxl0j22io1h44qq.jpg",,,2019-10-16,iPhone客户端,4,0,0,"中国电视好演员,第六届中国电视好演员",
4428034918394604,IbLjBzdOQ,#中国电视好演员##第六届中国电视好演员# “第六届中国电视好演员”启动仪式！ 天地人和_谢鹏的微博视频 ,,"http://f.video.weibocdn.com/002kSyUElx07xPJhx5eM010412005KVV0E010.mp4?label=mp4_720p&template=1280x720.25.0&trans_finger=1f0da16358befad33323e3a1b7f95fc9&Expires=1579178012&ssig=UHBXCxcIfj&KID=unistore,video",,2019-10-16,iPhone客户端,2,0,0,"中国电视好演员,第六届中国电视好演员",
4383197284248182,HyUlahP94,【“白玉兰奖”】祝贺《大江大河》获最佳电视剧大奖，孔笙/黄伟获最佳导演奖，倪大红获“最佳男主角”，蒋雯丽获“最佳女主角”，郭京飞获“最佳男配角”，童瑶获“最佳女配角”，恭喜《爱情的边疆》、《大江大河》荣获“编剧大奖”。🏆💐 ,"https://wx3.sinaimg.cn/large/5330fdf3ly1g410d1jbm6j20tz152gzf.jpg,https://wx3.sinaimg.cn/large/5330fdf3ly1g410d1r07tj20ji0qx77s.jpg,https://wx1.sinaimg.cn/large/5330fdf3ly1g410d21gxbj20tz157wo9.jpg,https://wx2.sinaimg.cn/large/5330fdf3ly1g410d2q7maj20u017ondp.jpg,https://wx4.sinaimg.cn/large/5330fdf3ly1g410d3fiw1j20u015ftjv.jpg,https://wx3.sinaimg.cn/large/5330fdf3ly1g410d16vc2j20u016bwor.jpg",,,2019-06-14,iPhone客户端,2,0,0,,
4383129021778288,HySz47sC4,【严敏求 | 《冠军的心》】     今日上映“妙手仁心，医者本色”  感谢关注，林大夫🥼@电影冠军的心 @严敏求 @杨坤 ,"https://wx2.sinaimg.cn/large/5330fdf3ly1g40si4a7jmj20u01hcdu8.jpg,https://wx2.sinaimg.cn/large/5330fdf3ly1g40si5i0ybj22io1p8u0z.jpg,https://wx4.sinaimg.cn/large/5330fdf3ly1g40si3tbdxj22io1ok1kz.jpg,https://wx4.sinaimg.cn/large/5330fdf3ly1g40si6ufhqj22io1oinpd.jpg,https://wx3.sinaimg.cn/large/5330fdf3ly1g40si8lwfcj22io1oihdv.jpg,https://wx1.sinaimg.cn/large/5330fdf3ly1g40sibkq3tj25an3j8hdz.jpg",,,2019-06-14,iPhone客户端,3,0,0,,"电影冠军的心,严敏求,杨坤"
4382078130947846,Hyre53YzQ,【青年演员.在行动】端午节前夕，@中视协演员工作委员会 带上青年演员@黄晓明 @佟丽娅 的心意，组织青年演员代表@马程程Margaret @王天野 @汪汐潮LOVE @林世杰呀 @葛施敏Minn @王一菲Faye @孟阿赛 @郑心潼 一行慰问老艺术家于洋，杨静，王晓棠，谢芳，张目，陶玉玲，张勇手，@演员曹翠芬 ，田华，刘江，蓝天野，吕中，@兰花花李明启 等老艺术家。“崇德尚艺，礼意敬上”。,"https://wx2.sinaimg.cn/large/5330fdf3ly1g3xfotglq9j22wj25akjl.jpg,https://wx2.sinaimg.cn/large/5330fdf3ly1g3xfosltanj21op188hcg.jpg,https://wx1.sinaimg.cn/large/5330fdf3ly1g3xfouevuej22k51t41ky.jpg,https://wx3.sinaimg.cn/large/5330fdf3ly1g3xfouyh7ij21cs0zm194.jpg,https://wx3.sinaimg.cn/large/5330fdf3ly1g3xfovila9j21lr1mv4qp.jpg,https://wx2.sinaimg.cn/large/5330fdf3ly1g3xfovwskpj214p150qjp.jpg,https://wx1.sinaimg.cn/large/5330fdf3ly1g3xfowr7jhj22pm1ykkjl.jpg,https://wx1.sinaimg.cn/large/5330fdf3ly1g3xfoxxmjbj22p11whqv5.jpg,https://wx2.sinaimg.cn/large/5330fdf3ly1g3xfoz1cl8j22ms1xz1ky.jpg",,,2019-06-11,iPhone客户端,23,6,12,,"中视协演员工作委员会,黄晓明,佟丽娅,马程程Margaret,王天野,汪汐潮LOVE,林世杰呀,葛施敏Minn,王一菲Faye,孟阿赛,郑心潼,演员曹翠芬,兰花花李明启"
4339205217651363,HgrUdw6t5,估计是最年幼的粉丝了，追@知否知否应是绿肥红瘦官微 ，跟着哼唱主题曲，爱你呦@演员曹翠芬 @演员刘琳 @赵丽颖 @冯绍峰 @朱一龙 天地人和_谢鹏的微博视频 ,,"http://f.us.sinaimg.cn/003SsHVLlx07rwKT2IaI0104120041140E010.mp4?label=mp4_hd&template=544x960.24.0&Expires=1579178019&ssig=FCw19Ki%2BSv&KID=unistore,video",,2019-02-13,iPhone客户端,205,16,11,,"知否知否应是绿肥红瘦官微,演员曹翠芬,演员刘琳,赵丽颖,冯绍峰,朱一龙"
4338512209538419,Hg9SsE1nt,【“何至于米，相期以茶”】米字暗含“八十八”，故，米寿指88岁，“茶”字在“米”字上再加二十，故，茶寿指108岁，“何至于米，相期以茶”，向各位老艺术家们致以崇高的敬意与春节祝福！ ,"https://wx2.sinaimg.cn/large/5330fdf3ly1g02gck5fl9j20ma0gyjv2.jpg,https://wx4.sinaimg.cn/large/5330fdf3ly1g02gclttofj216i1eiqv5.jpg,https://wx4.sinaimg.cn/large/5330fdf3ly1g02gcmw9x9j20z71i6b29.jpg,https://wx4.sinaimg.cn/large/5330fdf3ly1g02gcojz1nj216o1iu1ky.jpg,https://wx1.sinaimg.cn/large/5330fdf3ly1g02gcje3s7j21ku16o4qq.jpg,https://wx4.sinaimg.cn/large/5330fdf3ly1g02gcr8g5vj21lv2ionph.jpg,https://wx2.sinaimg.cn/large/5330fdf3ly1g02gcsnnfhj216o1s07wj.jpg,https://wx2.sinaimg.cn/large/5330fdf3ly1g02gcp8lroj216o1s07if.jpg,https://wx1.sinaimg.cn/large/5330fdf3ly1g02gctvzucj216o1l4x6q.jpg",,,2019-02-11,iPhone客户端,6,1,0,,
4338511840480435,Hg9RS20YX,【“何至于米，相期以茶”】米字暗含“八十八”，故，米寿指88岁，“茶”字在“米”字上再加二十，故，茶寿指108岁，“何至于米，相期以茶”，向各位老艺术家们致以崇高的敬意与春节祝福！ ,"https://wx2.sinaimg.cn/large/5330fdf3ly1g02g9nyr03j215x1htb2a.jpg,https://wx1.sinaimg.cn/large/5330fdf3ly1g02g9onjqyj216o1s0tvn.jpg,https://wx1.sinaimg.cn/large/5330fdf3ly1g02g9n4f4gj20v91m8hdt.jpg,https://wx2.sinaimg.cn/large/5330fdf3ly1g02g9p3sraj216o1s0nib.jpg,https://wx4.sinaimg.cn/large/5330fdf3ly1g02g9pmssdj216o1i4qv5.jpg,https://wx1.sinaimg.cn/large/5330fdf3ly1g02g9qf63rj216o1s01ky.jpg,https://wx4.sinaimg.cn/large/5330fdf3ly1g02g9rhtz5j20xx1s0npe.jpg,https://wx3.sinaimg.cn/large/5330fdf3ly1g02g9ryyomj20d40bttag.jpg,https://wx2.sinaimg.cn/large/5330fdf3ly1g02g9t0080j21sv1gw7wk.jpg",,,2019-02-11,iPhone客户端,46,13,29,,
4203362884490630,G1pu0iQdw,满满的回忆，@六小龄童 @马德华 师徒再聚首，致敬最经典的《西游记》 天地人和_谢鹏的秒拍视频 ,,"http://f.us.sinaimg.cn/0031z31ilx07hSRorcUg010402002Z7b0k010.mp4?label=mp4_hd&template=28&Expires=1579178019&ssig=YhS6cjEzVs&KID=unistore,video",,2018-02-03,iPhone客户端,39,11,39,,"六小龄童,马德华"
4195800005145046,FEcc8lAsC,【“2017中国电视好演员”揭晓】“终身成就男演员”获得者是：李雪健；“终身成就女演员”获得者是：吕中。“红宝石”男演员获得者是：孙淳@孙淳 “红宝石”女演员获得者是：梁丹妮@妮妮细雨--梁丹妮 。“蓝宝石”男演员获得者是：“靳东@靳东 ，张鲁一@张鲁一 ；“蓝宝石”女演员获得者是：秦海璐@秦海璐 ，梅婷@梅婷 。“绿宝石”男演员获得者是：翟天临@翟天临 ；“绿宝石”女演员获得者是：佟丽娅@佟丽娅 。网剧组最佳男演员获得者是：张一山@张一山 、林雨申@林雨申 ；网剧组最佳女演员获得者是：王紫璇@王紫璇工作室 、焦俊艳@焦俊艳 。“最佳角色女演员”获得者是：鲁园，“最佳角色男演员”获得者是：李乃文@李乃文 。祝贺所有获得荣誉的各位老师们！🏆💐,"https://wx3.sinaimg.cn/large/5330fdf3ly1fnf5ytahk6j20rs0ijdk9.jpg,https://wx3.sinaimg.cn/large/5330fdf3ly1fnf5ytr3qvj20rs0ijaf2.jpg,https://wx3.sinaimg.cn/large/5330fdf3ly1fnf5yuafvvj20rs0ijjwq.jpg,https://wx2.sinaimg.cn/large/5330fdf3ly1fnf5ystl02j20rs0iiwjj.jpg,https://wx3.sinaimg.cn/large/5330fdf3ly1fnf5yurd5oj20rs0iiwjp.jpg,https://wx2.sinaimg.cn/large/5330fdf3ly1fnf5yv91hbj20rs0ijtdz.jpg,https://wx4.sinaimg.cn/large/5330fdf3ly1fnf5yvpse2j20rs0ijtcw.jpg,https://wx1.sinaimg.cn/large/5330fdf3ly1fnf5yw901yj20rs0iitek.jpg,https://wx3.sinaimg.cn/large/5330fdf3ly1fnf5ywtx6fj20rs0ijagz.jpg",,,2018-01-13,iPhone客户端,1,0,0,,"孙淳,妮妮细雨--梁丹妮,靳东,张鲁一,秦海璐,梅婷,翟天临,佟丽娅,张一山,林雨申,王紫璇工作室,焦俊艳,李乃文"
4174663796361253,FvkltqGQR,【“第四届中国电视好演员”推选启动仪式发布会】#第四届中国电视好演员# ,"https://wx3.sinaimg.cn/large/5330fdf3ly1fljqloaw7qj21420qon4r.jpg,https://wx2.sinaimg.cn/large/5330fdf3ly1fljqlo0suwj21410qogur.jpg,https://wx4.sinaimg.cn/large/5330fdf3ly1fljqloj3agj21410qogv9.jpg,https://wx3.sinaimg.cn/large/5330fdf3ly1fljqlos9ikj21410qoaj6.jpg,https://wx4.sinaimg.cn/large/5330fdf3ly1fljqlp22tpj21410qowmw.jpg,https://wx2.sinaimg.cn/large/5330fdf3ly1fljqlpcr5nj213y0qok2c.jpg,https://wx1.sinaimg.cn/large/5330fdf3ly1fljqlpolvnj21410qoqai.jpg,https://wx1.sinaimg.cn/large/5330fdf3ly1fljqlq04skj20qo13x12e.jpg,https://wx3.sinaimg.cn/large/5330fdf3ly1fljqlqb381j21430qowow.jpg",,,2017-11-16,iPhone客户端,3,1,0,第四届中国电视好演员,
4125000606915588,Faunyt13K,【亲爱的阿母@严敏求 ，祝您生日快乐🎂，健康长寿，爱您[爱心]，么么哒[玫瑰]】 ,"https://wx4.sinaimg.cn/large/5330fdf3ly1fh5avjcb8bj20b407fmx9.jpg,https://wx3.sinaimg.cn/large/5330fdf3ly1fh5avjteh9j20zk0qon5f.jpg,https://wx4.sinaimg.cn/large/5330fdf3ly1fh5avk6u31j20e70iyabu.jpg",,,2017-07-02,iPhone 7,7,1,1,,严敏求
4068279137707527,EsEfDwl4X,【祝福，亲爱的@彭玉 老妈，生日快乐🎂🎁，鸿福大吉】 ,"https://wx3.sinaimg.cn/large/5330fdf3gy1fc4chi95rdj20mo0vs1kx.jpg,https://wx2.sinaimg.cn/large/5330fdf3gy1fc4chio3b8j20go0b4wgi.jpg,https://wx4.sinaimg.cn/large/5330fdf3gy1fc4chff5p6j24c02w04qs.jpg,https://wx3.sinaimg.cn/large/5330fdf3gy1fc4chj4jjbj21jk111gsi.jpg,https://wx4.sinaimg.cn/large/5330fdf3gy1fc4chjw1g8j21jk111jxz.jpg,https://wx4.sinaimg.cn/large/5330fdf3gy1fc4chnrizeg20b407ynpe.gif",,,2017-01-26,iPhone 7,12,3,9,,彭玉
4055117709722358,En7RwENee,冬至快乐，老妈@彭玉 喊你回家吃饺子喽！ ,https://wx3.sinaimg.cn/large/5330fdf3ly1faycxlmcyfj20aa0m8gn20.jpg,,,2016-12-21,iPhone 6,3,4,4,,彭玉
4034056552733408,EehXVbt5e,第三届中国电视好演员启动仪式发布会  揭影视圈乱象:只在接戏上努力 ,,,,2016-10-24,手机新浪网,0,0,0,,
4034040208282754,EehxyyKIO,【“第三届中国电视好演员”投票方式：通过新浪专题进入微信添加“中国电视好演员”公众微信号并关注，在右下角找到“评选投票”，出现图一点“我要投票”，为你喜欢的好演员投票，每天可以给每个组别男女演员分别最多可投六票。你的参与，将会让好演员的投票更有群众基础，为我们的好演员助力开投】 ,"https://ww3.sinaimg.cn/large/5330fdf3jw1f9346oxlrfj20ku112q9e.jpg,https://ww4.sinaimg.cn/large/5330fdf3jw1f9346p718sj20hs17nmzr.jpg,https://ww2.sinaimg.cn/large/5330fdf3jw1f9346p9z34j20hs15adib.jpg,https://ww1.sinaimg.cn/large/5330fdf3jw1f9346pscg2j20hs20rgq3.jpg,https://ww2.sinaimg.cn/large/5330fdf3jw1f9346pzm05j20hs1xnjvl.jpg,https://ww2.sinaimg.cn/large/5330fdf3jw1f9346qb6swj20hs1gu0vw.jpg,https://ww2.sinaimg.cn/large/5330fdf3jw1f9346qlae5j20hs1vcdju.jpg,https://ww2.sinaimg.cn/large/5330fdf3jw1f9346oqkwvj20hs16aq5f.jpg,https://ww2.sinaimg.cn/large/5330fdf3jw1f9346qs63ij20hs0zf0uv.jpg",,,2016-10-24,iPhone 6,2,2,0,,
4031346109797611,Ed9seF6NZ,【“金鹰视帝”@胡歌 ：做一个纯粹的演员，你会收获很多！手捧金鹰奖杯，鞠躬感谢，懂得谦虚的老胡更让人喜爱！】祝贺！ ,"https://ww2.sinaimg.cn/large/5330fdf3jw1f8uismlhtbj20n40wwdke.jpg,https://ww3.sinaimg.cn/large/5330fdf3jw1f8uismkie7j20n00x442u.jpg,https://ww4.sinaimg.cn/large/5330fdf3jw1f8uislmutmj20po0zkdl7.jpg",,,2016-10-16,iPhone 6,2,0,0,,胡歌
4026629384806805,EbaKCkat7,【回到山水间，看尽风与云】亲爱的，等我们奋斗过半辈子，江湖也闯了，天涯也逛了，年轻时的梦想也了结了，就找个安静的地方盖一栋小房子，不求多大，也不求多豪华，只求秋天看落霞，春天花常开。 ,"https://ww1.sinaimg.cn/large/5330fdf3gw1f8fh3r38inj20go0b4ju7.jpg,https://ww3.sinaimg.cn/large/5330fdf3gw1f8fh3qvwf5j20zk0ng46t.jpg,https://ww4.sinaimg.cn/large/5330fdf3gw1f8fh3ro39ej20zk0nngse.jpg",,,2016-10-03,iPhone 6,3,1,1,,
4026394469989999,Eb4DIFUR1,马德华老师助威“牛霸天下”『黔东南视讯』牛魔王凯里出战牛霸天下，猪八戒前来助威！ ,,,,2016-10-03,iPhone 6,3,1,8,,
4023152138289042,E9Ii9yMme,【恭喜西部现实题材影片《血狼犬》荣获“第三届丝绸之路国际电影节最佳故事片奖”🏆，导演：刘建华，主演：黄宏，刘向京，王海燕】 ,"https://ww3.sinaimg.cn/large/5330fdf3jw1f84dqzttmdj20b30fp0y6.jpg,https://ww3.sinaimg.cn/large/5330fdf3jw1f84dr086bgj20e30ck46c.jpg,https://ww3.sinaimg.cn/large/5330fdf3jw1f84dr0oqouj20hs0bv10t.jpg",,,2016-09-24,iPhone 6,3,3,2,,
3993085148475359,DD3zkzyPl,【阿母---生日快乐！健康最重要！笑口常开！】附：著名表演艺术家严敏求老师经典剧照之《倚天屠龙记》@高圆圆 @蘇有朋 ，《铁齿铜牙纪晓岚》@张国立 ，《十月围城》@钟汉良 ，《兄弟海》@演员侯勇 @赵擎 ，《孝子》@许亚军 ，《海洋天堂》@李连杰 @文章同學 [玫瑰][玫瑰][玫瑰][爱心] ,"https://ww2.sinaimg.cn/large/5330fdf3jw1f5ggil40b7j20990dw0t5.jpg,https://ww4.sinaimg.cn/large/5330fdf3jw1f5ggilauctj209b0b40tg.jpg,https://ww2.sinaimg.cn/large/5330fdf3jw1f5ggiln0t3j20hm0d675c.jpg,https://ww2.sinaimg.cn/large/5330fdf3jw1f5ggilu3ioj20hs0dpjtr.jpg,https://ww2.sinaimg.cn/large/5330fdf3jw1f5ggim36yhj20eq09ujso.jpg,https://ww4.sinaimg.cn/large/5330fdf3jw1f5ggikzar4j208z0cpdgi.jpg,https://ww4.sinaimg.cn/large/5330fdf3jw1f5ggim727sj20go0b4dh3.jpg,https://ww2.sinaimg.cn/large/5330fdf3jw1f5ggimikfaj20go0b43zn.jpg,https://ww1.sinaimg.cn/large/5330fdf3jw1f5ggimo5g7j20es09u755.jpg",,,2016-07-03,iPhone 6,52,16,40,,"高圆圆,蘇有朋,张国立,钟汉良,演员侯勇,赵擎,许亚军,李连杰,文章同學"
3989220567510196,DBr28vvKc,【吴叔走了……[流泪][流泪][流泪]】        表演艺术家、北京人民艺术剧院一级演员吴桂苓先生于2016年6月21日在京病逝，享年78岁🙏🙏🙏    第一次去吕老师家里拜访吴叔，是2011年11月份，吴叔亲自为我倒水，亲切和蔼的吴叔谈笑风生；就一次之后吴叔就记住了我的声音，每次给他打电话、他都知道是我。到吴叔生病住进小汤山医院的时候，好几次和吕老师说去看看吴叔，又怕打扰到吴叔，都说等吴叔病情好一些的时候再去看他，没想到，成了永别…[流泪]亲爱的吴叔，您走好！,https://ww4.sinaimg.cn/large/5330fdf3jw1f544qresfoj20dd07274x.jpg,,,2016-06-22,iPhone 6,1,1,0,,
3983428397464769,Dz0lVvjVv,【多少英雄故事，从这里开拔，燕山号角，从这里吹奏…】 ,"https://ww2.sinaimg.cn/large/5330fdf3jw1f4lninbl75j22io1w0u0x.jpg,https://ww4.sinaimg.cn/large/5330fdf3jw1f4lnipbxrkj22o0400b29.jpg,https://ww3.sinaimg.cn/large/5330fdf3jw1f4lnilobvkj22o04001kx.jpg",,,2016-06-06,iPhone 6,0,0,0,,
3965718510386033,DrzDB1Cql,【透鲜亮的星期天…】 ,"https://ww4.sinaimg.cn/large/5330fdf3jw1f315k1o5k1j21w02iou0x.jpg,https://ww1.sinaimg.cn/large/5330fdf3jw1f315jyfrtbj21w02iou0x.jpg,https://ww2.sinaimg.cn/large/5330fdf3jw1f315k5s8otj21w02iox6p.jpg,https://ww2.sinaimg.cn/large/5330fdf3jw1f315kflcn8j21w02ioe84.jpg,https://ww1.sinaimg.cn/large/5330fdf3jw1f315knp339j21w02iox6r.jpg,https://ww3.sinaimg.cn/large/5330fdf3jw1f315kr6n7nj22io1w0u0x.jpg,https://ww2.sinaimg.cn/large/5330fdf3jw1f315kvii2cj22io1w07wi.jpg,https://ww4.sinaimg.cn/large/5330fdf3jw1f315l407k0j22io1w04qq.jpg,https://ww4.sinaimg.cn/large/5330fdf3jw1f315laksvnj22io1w04qr.jpg",,,2016-04-18,iPhone 6,8,0,0,,
3959082165334784,DoMZOmnOU,【江山亦柔情，风雅待春回】 ,"https://ww4.sinaimg.cn/large/5330fdf3jw1f2fzewg92aj20qo0hs439.jpg,https://ww2.sinaimg.cn/large/5330fdf3jw1f2fzf0z57yj20qo0hsn1h.jpg,https://ww4.sinaimg.cn/large/5330fdf3jw1f2fzesi203j20qo0hsdli.jpg",,,2016-03-31,iPhone 6,1,0,0,,
3947271982398990,DjPL8a45o,【思乡.游子.归根】回到祖辈的老家祭祖，面对厚重的土地，浓郁的乡音；思索父辈的养老，氏族文化的传承。“游子心”尤然升起“归根”情怀。再远的地方，再努力的奋斗，终究还是会回到祖辈的“怀抱”。“解甲归田”，“还原故土”，老家，在梦里，更是在心里！ ,"https://ww2.sinaimg.cn/large/5330fdf3jw1f1eazrajs7j20qo0hswh4.jpg,https://ww3.sinaimg.cn/large/5330fdf3jw1f1eazrlgljj20qo0hs0y6.jpg,https://ww3.sinaimg.cn/large/5330fdf3jw1f1eazs2bwyj20qo0hsafj.jpg,https://ww1.sinaimg.cn/large/5330fdf3jw1f1eazsbwynj20qo0hs76c.jpg,https://ww1.sinaimg.cn/large/5330fdf3jw1f1eazsyvmfj20qo0hs0vl.jpg,https://ww4.sinaimg.cn/large/5330fdf3jw1f1eaztgtdjj20qo0hs78m.jpg",,,2016-02-27,iPhone 6,10,2,17,,
3945264514055085,DiZxhh0UB,【元宵佳节】“春到人间人似玉，灯烧月下月如银。”值此农历丙申猴年元宵佳节之际，愿您家庭团圆，花好月圆，心中事圆，行满功圆，玉润珠圆！ ,"https://ww3.sinaimg.cn/large/5330fdf3gw1f17wh34ms1j20hd0b3k3l.jpg,https://ww2.sinaimg.cn/large/5330fdf3gw1f17wh409ugj20zk0nc11o.jpg,https://ww2.sinaimg.cn/large/5330fdf3gw1f17wgzo3itj20j60cd403.jpg",,,2016-02-22,iPhone 6,0,0,0,,
3936295698886649,DfedrBhP3,[中国新闻]一场特殊的音乐会_新闻频道_央视网(cctv.com) 视频 ,https://ww4.sinaimg.cn/large/5330fdf3jw1f0faff4r96j204g03cweh.jpg,,,2016-01-28,CNTV,36,14,36,,
3933761940686338,DeaiK2SxY,#彭玉妈妈生日快乐#《老爸回家》@刘威 @杨紫 @张子枫 @张一山 @吴冕1013 @彭玉 ,"https://ww1.sinaimg.cn/large/5330fdf3jw1f077dlnrvjj20as0euq4a.jpg,https://ww4.sinaimg.cn/large/5330fdf3jw1f077dm42yjj20dw09emy3.jpg,https://ww2.sinaimg.cn/large/5330fdf3jw1f077dkyesqj20dw0aeab9.jpg,https://ww2.sinaimg.cn/large/5330fdf3jw1f077dmnxk1j20fa0anq45.jpg,https://ww1.sinaimg.cn/large/5330fdf3jw1f077dn9harj20fa0bg0un.jpg",,,2016-01-21,iPhone 6,1,0,0,彭玉妈妈生日快乐,"刘威,杨紫,张子枫,张一山,吴冕1013,彭玉"
3933759768251167,DeafeyCvl,#彭玉妈妈生日快乐#《我和老妈一起嫁》@余丁 导演 @殷桃粉丝团 @任帅围脖 @赵珈琪 @包贝尔 @解惠清 ,"https://ww2.sinaimg.cn/large/5330fdf3jw1f0774fn56vj20ci0go765.jpg,https://ww3.sinaimg.cn/large/5330fdf3jw1f0774g4ke9j20cd08cq3g.jpg,https://ww3.sinaimg.cn/large/5330fdf3jw1f0774gnyjbj20dw098jsb.jpg,https://ww3.sinaimg.cn/large/5330fdf3jw1f0774h7jmxj20fa0a5dh5.jpg,https://ww2.sinaimg.cn/large/5330fdf3jw1f0774hws7ej20fa0a6403.jpg,https://ww1.sinaimg.cn/large/5330fdf3jw1f0774evi18j20go0b3gni.jpg",,,2016-01-21,iPhone 6,4,1,1,彭玉妈妈生日快乐,"余丁,殷桃粉丝团,任帅围脖,赵珈琪,包贝尔,解惠清"
3933756672730882,Deaafbsqu,#彭玉妈妈生日快乐#《谁来伺候妈》@余淳导演 @李崇霄粉丝会  @演员邵峰 @范雷 @清馨雅致_郑卫莉百度贴吧 @赵珈琪 @王也天 @彭玉 ,"https://ww4.sinaimg.cn/large/5330fdf3jw1f076qwtjo8j20b40bkjsn.jpg,https://ww3.sinaimg.cn/large/5330fdf3jw1f076qw27n2j20dw09ajsx.jpg",,,2016-01-21,iPhone 6,10,0,0,彭玉妈妈生日快乐,"余淳导演,李崇霄粉丝会,演员邵峰,范雷,清馨雅致_郑卫莉百度贴吧,赵珈琪,王也天,彭玉"
3933748082765850,De9WobBwu,#彭玉妈妈生日快乐#《瞧这一家子》@滕华涛 导演，@张嘉译官方影迷会 @朱媛媛 @彭玉 ,"https://ww4.sinaimg.cn/large/5330fdf3jw1f075tc8biwj20cg0iodi9.jpg,https://ww1.sinaimg.cn/large/5330fdf3jw1f075tcjf2pj20dw098q4l.jpg,https://ww1.sinaimg.cn/large/5330fdf3jw1f075tcy4jfj20ci0g93zm.jpg,https://ww3.sinaimg.cn/large/5330fdf3jw1f075tbu05uj20b60d6mxu.jpg,https://ww3.sinaimg.cn/large/5330fdf3jw1f075td7lm8j20b70ect9q.jpg",,,2016-01-21,iPhone 6,2,0,1,彭玉妈妈生日快乐,"滕华涛,张嘉译官方影迷会,朱媛媛,彭玉"
3933738272350954,De9Gz9RAC,#彭玉妈妈生日快乐#《浪漫的事》@杨亚洲导演 @倪萍 @朱媛媛 @张延的围脖 @何冰何冰 @彭玉 ,"https://ww1.sinaimg.cn/large/5330fdf3jw1f074nyu19rj20hq08c0tn.jpg,https://ww1.sinaimg.cn/large/5330fdf3jw1f074nz8v85j20di09wwfe.jpg,https://ww1.sinaimg.cn/large/5330fdf3jw1f074nzkmjvj20di09ujsg.jpg,https://ww3.sinaimg.cn/large/5330fdf3jw1f074nzum4pj208c066mxd.jpg,https://ww2.sinaimg.cn/large/5330fdf3jw1f074o04i1zj20di09twfh.jpg,https://ww2.sinaimg.cn/large/5330fdf3jw1f074o0far9j20di09kjs9.jpg",,,2016-01-21,iPhone 6,4,0,0,彭玉妈妈生日快乐,"杨亚洲导演,倪萍,朱媛媛,张延的围脖,何冰何冰,彭玉"
3933734128162748,De9zSyfve,#彭玉妈妈生日快乐#《空镜子》@杨亚洲导演 @牛莉 @小陶虹 @姜武 @何冰何冰 @许亚军 @彭玉 ,"https://ww2.sinaimg.cn/large/5330fdf3jw1f0746tnv21j20c808ct97.jpg,https://ww1.sinaimg.cn/large/5330fdf3jw1f0746tb6n4j205u07sglw.jpg",,,2016-01-21,iPhone 6,1,0,0,彭玉妈妈生日快乐,"杨亚洲导演,牛莉,小陶虹,姜武,何冰何冰,许亚军,彭玉"
3933718123040268,De9a4cKUA,#彭玉妈妈生日快乐#《东北一家人》@理麒 @巩汉林 @张丹露 @导演吕小品 @上海演员李颖 @彭玉 ,https://ww2.sinaimg.cn/large/5330fdf3jw1f072ajint0j20b407pab1.jpg,,,2016-01-21,iPhone 6,2,0,0,彭玉妈妈生日快乐,"理麒,巩汉林,张丹露,导演吕小品,上海演员李颖,彭玉"
3933713924246610,De93ihOJI,#彭玉妈妈生日快乐#众亲朋好友祝福@彭玉 老妈，生日快乐！健康幸福！ ,"https://ww3.sinaimg.cn/large/5330fdf3jw1f071wctywpj20c808ct97.jpg,https://ww3.sinaimg.cn/large/5330fdf3jw1f071wdb114j20b407p3zb.jpg,https://ww2.sinaimg.cn/large/5330fdf3jw1f071wepyaej20ci08bjsg.jpg,https://ww1.sinaimg.cn/large/5330fdf3jw1f071wg7tw9j20fa097dh0.jpg,https://ww3.sinaimg.cn/large/5330fdf3jw1f071wi8d9gj20dw0fgwgc.jpg,https://ww3.sinaimg.cn/large/5330fdf3jw1f071wj9mqij20hq08cmy4.jpg,https://ww3.sinaimg.cn/large/5330fdf3jw1f071wkhftwj20dw098407.jpg,https://ww3.sinaimg.cn/large/5330fdf3jw1f071wl0rf8j20fa0a8myb.jpg,https://ww4.sinaimg.cn/large/5330fdf3jw1f071wcebjaj20dw0aeq48.jpg",,,2016-01-21,iPhone 6,11,1,2,彭玉妈妈生日快乐,彭玉
3933692386765232,De8uysnWE,"【生日祝贺---""荧屏妈妈”彭玉老师的众多“儿女们”，祝福老妈@彭玉 生日快乐！身体健康！】 ","https://ww4.sinaimg.cn/large/5330fdf3jw1f06ze54qj3j20b407pdgm.jpg,https://ww3.sinaimg.cn/large/5330fdf3jw1f06ze5gh25j20c808ct8z.jpg,https://ww3.sinaimg.cn/large/5330fdf3jw1f06ze5zaanj20hq08c74v.jpg,https://ww1.sinaimg.cn/large/5330fdf3jw1f06ze6qa52j20dw0980ua.jpg,https://ww4.sinaimg.cn/large/5330fdf3jw1f06ze7fiszj20ci08bwf9.jpg,https://ww2.sinaimg.cn/large/5330fdf3jw1f06ze833n6j20fa097q3s.jpg,https://ww1.sinaimg.cn/large/5330fdf3jw1f06ze8u9fbj20fa0a80tp.jpg,https://ww1.sinaimg.cn/large/5330fdf3jw1f06ze4bl7oj20dw0aeabf.jpg,https://ww3.sinaimg.cn/large/5330fdf3jw1f06ze9nsc6j20dw0fg409.jpg",,,2016-01-21,iPhone 6,86,14,84,,彭玉
3933668634069506,De7Sfh4Fc,【“80后代言人”，“青春美少女”彭玉老妈---生日快乐！身体棒棒！永葆青春！[玫瑰][飞吻]💝🎁】@彭玉 ,"https://ww4.sinaimg.cn/large/5330fdf3jw1f06wp7zkxzj20ci0d5jsf.jpg,https://ww4.sinaimg.cn/large/5330fdf3jw1f06wp8f54sj20kt0v8jv6.jpg,https://ww3.sinaimg.cn/large/5330fdf3jw1f06wp8qt3jj20990dwgmf.jpg,https://ww3.sinaimg.cn/large/5330fdf3jw1f06wp9186uj209a09vaah.jpg,https://ww1.sinaimg.cn/large/5330fdf3jw1f06wp9b4m7j20ao086jrn.jpg,https://ww4.sinaimg.cn/large/5330fdf3jw1f06wp9notfj209w0fawfk.jpg,https://ww3.sinaimg.cn/large/5330fdf3jw1f06wp9z1jjj20dw09a754.jpg,https://ww1.sinaimg.cn/large/5330fdf3jw1f06wpaaq0zj20dw0c4jso.jpg,https://ww3.sinaimg.cn/large/5330fdf3jw1f06wp7o25bj20990dwgmm.jpg",,,2016-01-21,iPhone 6,4,1,0,,彭玉
3930765735538183,DcUm9neJx,@马德华 马老师饰演“姚期”，京剧扮相很帅！ ,https://ww3.sinaimg.cn/large/5330fdf3jw1ezxn8olxv6j20nq0hs41n.jpg,,,2016-01-13,iPhone 6,31,6,28,,马德华
3928256312673316,DbR4Hbds0,严敏求周迅刘涛 荣获“中国电视好演员”称号 严敏求周迅刘涛 荣获“中国电视好演员”称号  ,,,,2016-01-06,分享按钮,3,0,0,,
3926466842458835,Db6wsajED,#2016年第一缕阳光#【除尘跨年，愿天下太平，所有的朋友2016心想事成！】 ,https://ww4.sinaimg.cn/large/5330fdf3jw1ezjxlfmlluj20gl0k076e.jpg,,,2016-01-01,iPhone 6,2,0,0,2016年第一缕阳光,
3924971363331931,DatCodYMP,【2015“中国电视好演员”评选活动在扬州揭晓，祝贺“红宝石组”得主严敏求老师，马少骅老师，“蓝宝石组”得主周迅老师，闫妮老师，张国强老师，王志飞老师，“绿宝石组”得主刘涛老师，余少群老师。@严敏求 ,"https://ww3.sinaimg.cn/large/5330fdf3gw1ezf5u09ggfj20zk0nowhm.jpg,https://ww2.sinaimg.cn/large/5330fdf3gw1ezf5u0ljv8j20zk0ei77e.jpg,https://ww1.sinaimg.cn/large/5330fdf3gw1ezf5u0zz0gj20zk0no797.jpg,https://ww2.sinaimg.cn/large/5330fdf3gw1ezf5tztvt2j20zk0nojub.jpg,https://ww2.sinaimg.cn/large/5330fdf3gw1ezf5u1d5d9j20i10rsdiw.jpg,https://ww3.sinaimg.cn/large/5330fdf3gw1ezf5u1qow7j20nm0zkacz.jpg,https://ww4.sinaimg.cn/large/5330fdf3gw1ezf5u28b4rj20qo0zkwkd.jpg,https://ww1.sinaimg.cn/large/5330fdf3gw1ezf5u2pgztj20qo0qodme.jpg,https://ww2.sinaimg.cn/large/5330fdf3gw1ezf5u36qumj20zk0no40o.jpg",,,2015-12-28,iPhone 6,40,7,30,,严敏求
3924970751367725,DatBp5JO5,【祝贺“首届中国好演员公益之星”获得者】：赵雅芝老师，袁立老师，江一燕老师，赵擎老师，张国强老师，金汉老师。我们@中国好演员公益之星 与新浪@微公益 一起继续为公益加油！ ,"https://ww4.sinaimg.cn/large/5330fdf3gw1ezf5qtknnmj20qo141nac.jpg,https://ww4.sinaimg.cn/large/5330fdf3gw1ezf5quezvcj20qo141an8.jpg,https://ww1.sinaimg.cn/large/5330fdf3gw1ezf5qv8zcpj20qo1417gw.jpg,https://ww1.sinaimg.cn/large/5330fdf3gw1ezf5qw16qyj20qo14115m.jpg,https://ww4.sinaimg.cn/large/5330fdf3gw1ezf5qwy1vvj20qo141wsr.jpg,https://ww3.sinaimg.cn/large/5330fdf3gw1ezf5qxvsasj20qo141dta.jpg",,,2015-12-28,iPhone 6,58,20,126,,"中国好演员公益之星,微公益"
3924467098968597,Dagv3BD8N,#2015中国电视好演员评选# 等待，花开 ,"https://ww3.sinaimg.cn/large/5330fdf3jw1ezdjwoqdmkj20zk0non12.jpg,https://ww2.sinaimg.cn/large/5330fdf3jw1ezdjwr209fj21kw0f1dnc.jpg,https://ww4.sinaimg.cn/large/5330fdf3jw1ezdjwsdurtj20zk0no0wz.jpg",,,2015-12-27,iPhone 6,4,0,0,2015中国电视好演员评选,
3912068337902733,D53X3x9Rr,【热烈祝贺：第七届新农村电视艺术节“金牛奖”：严敏求老师荣获最佳“女配角奖”】@严敏求 ,"https://ww4.sinaimg.cn/large/5330fdf3jw1ey9zxew98wj20zk0qo435.jpg,https://ww3.sinaimg.cn/large/5330fdf3jw1ey9zxenf4fj20zk0qo798.jpg,https://ww1.sinaimg.cn/large/5330fdf3jw1ey9zxfanj8j20p00yoafl.jpg",,,2015-11-22,iPhone 6,11,3,12,,严敏求
3905432936272653,D2hkNqjNP,【#雪域雄鹰 今晚飞翔#】型男@孟阿赛 ，雪域脱胎换骨，今晚展翅飞翔，锁定cctv—1黄金强档，我在雪域高原等你！！！ ,"https://ww2.sinaimg.cn/large/5330fdf3jw1exotvkq3b1j20zk0nojw9.jpg,https://ww2.sinaimg.cn/large/5330fdf3jw1exotvkvt9pj20hs0qogmx.jpg,https://ww4.sinaimg.cn/large/5330fdf3jw1exotvkkco7j208o0dcmxi.jpg",,,2015-11-04,iPhone 6,6,0,0,雪域雄鹰 今晚飞翔,孟阿赛
3900302920889918,D07SA3Jvw,【重阳佳节，祝福父母，各位老师们节日快乐，身体健康！】@彭玉 @严敏求 @罗锦鳞 @方子春 @盖克 @关少曾 @兰花花李明启 @萨日娜srn @王志飞 @徐幸x @演员曾秋生 @演员-张秋歌 @演员董子武 @演员梁月军 @演员李洪涛 @演员郭广平 @演员侯勇 @岳霄冰 @演员王劲松 @赵珈琪 @赵玲琪 ,"https://ww4.sinaimg.cn/large/5330fdf3jw1ex8ghwdsmbj20e608w3yz.jpg,https://ww4.sinaimg.cn/large/5330fdf3jw1ex8ghw76ysj209404kq34.jpg,https://ww2.sinaimg.cn/large/5330fdf3jw1ex8ghwstxbj20by08wt9d.jpg",,,2015-10-21,iPhone 6,7,8,6,,"彭玉,严敏求,罗锦鳞,方子春,盖克,关少曾,兰花花李明启,萨日娜srn,王志飞,徐幸x,演员曾秋生,演员-张秋歌,演员董子武,演员梁月军,演员李洪涛,演员郭广平,演员侯勇,岳霄冰,演员王劲松,赵珈琪,赵玲琪"
3885451615790211,CzQZboiiv,他和他们相识于12年前，那时的他，青春无敌；那时的他们，青葱年华。如今的他，早已离开讲台；如今的他们，也已为人父母。每年的今天，他们中的人总会记得祝福；每年的这时，他也会感恩一路前行的恩师贵人。青春里，无悔那段与他们相沐的时光；岁月中，每份成绩都心存他人恩惠。祝福老师们，节日快乐！ ,"https://ww4.sinaimg.cn/large/5330fdf3jw1evx31h5nrqj20hs0dcdi0.jpg,https://ww1.sinaimg.cn/large/5330fdf3jw1evx32d3bd9j20hs0dcdhk.jpg",,,2015-09-10,iPhone 6,5,0,0,,
3882939257292908,CyNCZuBdy,【当兵的人 最可爱】 ,"https://ww4.sinaimg.cn/large/5330fdf3jw1evp2ia7kbwj20c8085wf9.jpg,https://ww1.sinaimg.cn/large/5330fdf3jw1evp2iabx6zj20zk0nodk5.jpg,https://ww4.sinaimg.cn/large/5330fdf3jw1evp2iai0gfj20c8085q3y.jpg,https://ww1.sinaimg.cn/large/5330fdf3jw1evp2iayl7hj20c80853z6.jpg,https://ww4.sinaimg.cn/large/5330fdf3jw1evp2ib3vidj20k00u1dhg.jpg,https://ww1.sinaimg.cn/large/5330fdf3jw1evp2ibf4myj20c8085mxz.jpg,https://ww3.sinaimg.cn/large/5330fdf3jw1evp2iblrm3j20zk0no427.jpg,https://ww1.sinaimg.cn/large/5330fdf3jw1evp2iuqvngj218g0tm10f.jpg,https://ww3.sinaimg.cn/large/5330fdf3jw1evp2iv0islj20m80etq5d.jpg",,,2015-09-03,iPhone 6,3,1,6,,
3879136445092256,CxcHqlmJa,【人与人之间的缘分，总是一段一段的，比如同学，比如同事，比如朋友，比如父母子女，比如恋人夫妻，比如社会关系。谁能陪伴到最后，或者说谁是最后的别离，由天注定，缘分注定。惜缘，每一位生命中遇到的人，珍惜，每一个发生的现在】 ,https://ww3.sinaimg.cn/large/5330fdf3jw1evcxryhwv6j20ku0dw0v1.jpg,,,2015-08-23,iPhone 6,2,0,0,,
3877622796564435,Cwzk3rxHZ,【广而告之】由国家一级演员@方子春 老师著作的新书巜说角儿》已由三联书店正式出版发行，周末上架。有兴趣的朋友星期六就可买到方老师签名的书了，欢迎大家选购。该书是方老师继《谁在舞台中央》后又一部讲述影视行业各位表演艺术家们的极具收藏价值的精品书籍！[玫瑰] ,"https://ww1.sinaimg.cn/large/5330fdf3jw1ev83xgvyefj20hs0dcgng.jpg,https://ww1.sinaimg.cn/large/5330fdf3jw1ev83xhlzagj20hs0dct99.jpg,https://ww4.sinaimg.cn/large/5330fdf3jw1ev83xhla22j20cl0hswfy.jpg,https://ww4.sinaimg.cn/large/5330fdf3jw1ev83xgndf5j20bu0hs403.jpg",,,2015-08-19,iPhone 6,1,1,8,,方子春
3875314742273422,CvBho9xq6,【战场 离别】十万火急中语无伦次，但看得懂“我回不来，我爸就是你爸，记得给我妈上坟”…[流泪][流泪][流泪]这是消防队员赶赴救援现场途中跟战友的道别……[大哭][大哭][大哭]已有6名消防战士牺牲！致敬！！[爱心][爱心][玫瑰][玫瑰] ,"https://ww4.sinaimg.cn/large/5330fdf3jw1ev0qule7gqj20gn0afta2.jpg,https://ww1.sinaimg.cn/large/5330fdf3jw1ev0qu9jmxlj20f00ohgmy.jpg,https://ww2.sinaimg.cn/large/5330fdf3jw1ev0quzwec6j20ex0oldhx.jpg",,,2015-08-13,iPhone 6,2,2,2,,
3860416503829028,CplHYg46w,“花样奶奶”@严敏求 ，生日快乐！ 点击链接播放超酷H5大片>> 网页链接  ,https://ww4.sinaimg.cn/large/5330fdf3jw1etp7s58ng0j208u08uglq.jpg,,,2015-07-03,初页小情书,2,0,2,,严敏求
3859913920917264,Cp8Dm3QCA,【🌛在白莲花般的☁️里穿行，今夜的北京格外迷人】 ,"https://ww1.sinaimg.cn/large/5330fdf3jw1etnm2snj8nj20xc18g17u.jpg,https://ww3.sinaimg.cn/large/5330fdf3jw1etnm2tpf6dj218g0xcqdl.jpg,https://ww2.sinaimg.cn/large/5330fdf3jw1etnm2rm68yj218g0xcqf8.jpg,https://ww3.sinaimg.cn/large/5330fdf3jw1etnm2uah05j218g0xctl0.jpg,https://ww2.sinaimg.cn/large/5330fdf3jw1etnm2uy3qcj218g0xc7dy.jpg,https://ww1.sinaimg.cn/large/5330fdf3jw1etnm2x84s1j218g0xc47e.jpg",,,2015-07-01,iPhone 6,2,0,1,,
3857540276152946,Co8STpOF4,【健身日记】有人在跑步中总是会想自己跑了多远，其实没有必要，这样只会给自己带来负担。生命只在呼吸间。跑步的时候不要想着未来，也不要思考过去。保持无念，只将注意力轻轻的放在自己身体上便好，DIGICARE智能手腕提倡：让你愉悦的运动，让你安心的睡觉，让你充沛的工作。我很赞成！很享用！ ,"https://ww1.sinaimg.cn/large/5330fdf3jw1etg1h5j7pzj20ay06gwex.jpg,https://ww4.sinaimg.cn/large/5330fdf3jw1etg1h5s2ehj20zk0jz759.jpg",,,2015-06-25,iPhone 6,5,1,2,,
3854669891585125,CmWdf6Emx,【亲爱的二姐---生日快乐】有一种缘分，叫一眼看上就是一生；有一种幸福，叫工作的相处成了亲情。赵家有女叫二鹏，名珈琪，昵称二姐。《我和老妈一起嫁》，《谁来伺候妈》，《酷爸俏妈》等都市情感剧中最有性格的妈都被她代言。开朗大气，“珈人”如花，亲爱的二姐@赵珈琪 生日快乐！[玫瑰]💝 ,"https://ww1.sinaimg.cn/large/5330fdf3jw1et6vswgaudj20fm0nf77o.jpg,https://ww1.sinaimg.cn/large/5330fdf3jw1et6vswn0wwj20b40gowf3.jpg,https://ww2.sinaimg.cn/large/5330fdf3jw1et6vsx294xj20tr18gqfz.jpg,https://ww2.sinaimg.cn/large/5330fdf3jw1et6vsxslf2j20d80h4mz7.jpg,https://ww1.sinaimg.cn/large/5330fdf3jw1et6vsw7meaj20i80c5myb.jpg,https://ww1.sinaimg.cn/large/5330fdf3jw1et6vsxyl0rj20d50j6ad2.jpg,https://ww4.sinaimg.cn/large/5330fdf3jw1et6vsy85qrj20hs0vkjut.jpg,https://ww1.sinaimg.cn/large/5330fdf3jw1et6vsyc7nwj20d20dfq4b.jpg,https://ww1.sinaimg.cn/large/5330fdf3jw1et6vsyio93j20cx0ijjsu.jpg",,,2015-06-17,iPhone 6,5,2,5,,赵珈琪
3853320768328986,Cmn7eyWKu,【青春留驻，时光慢走】 ,"https://ww2.sinaimg.cn/large/5330fdf3jw1et2kvnojirj20dc0hsn05.jpg,https://ww2.sinaimg.cn/large/5330fdf3jw1et2kvo22dmj20gf0qojwh.jpg",,,2015-06-13,iPhone 6,4,0,0,,
3851948790442773,ClNqn1Rbv,@法制晚报 刊登“人艺老艺术家专访系列”-- 严敏求【温和不争此﹃师太﹄ 】 在舞台上塑造骄傲、任性的陈白露，在荧屏上塑造凶狠、暴戾的灭绝师太……然而生活中的@严敏求 性格温和、恬淡好静，与她塑造的很多角色都截然相反。 温和不争此﹃师太﹄『法制晚报电子版』温和不争此﹃师太﹄ ,"https://ww2.sinaimg.cn/large/5330fdf3jw1esy7a0jxikj20b408cjs2.jpg,https://ww1.sinaimg.cn/large/5330fdf3jw1esy7a0x5jcj209q0fawg0.jpg",,,2015-06-09,iPhone 6,5,0,6,,"法制晚报,严敏求"
3839248459339515,Cgt1XDbDl,【“金牛小王子”@孟阿赛 领衔主演电影《青山翠谷》今日开机，“肌肉达人”化身“最帅乡村支教老师”👍】@天地人和文化传播有限公司 @赵珈琪 @紫涵__zhang ,"https://ww2.sinaimg.cn/large/5330fdf3jw1ertoo56lp6j20l70r4q7k.jpg,https://ww2.sinaimg.cn/large/5330fdf3jw1ertoo5tohfj20fa0idacb.jpg,https://ww4.sinaimg.cn/large/5330fdf3jw1ertoo62z7aj20db0jw0ur.jpg,https://ww3.sinaimg.cn/large/5330fdf3jw1ertoo6e2tpj20da0jndhi.jpg",,,2015-05-05,iPhone 6,6,0,4,,"孟阿赛,天地人和文化传播有限公司,赵珈琪,紫涵__zhang"
3839072222717922,CgorIbp3s,【“亚太影后”吕中———人戏合一，闻香自开】 ,"https://ww2.sinaimg.cn/large/5330fdf3jw1ert4gnome3j20qo0hrjuo.jpg,https://ww3.sinaimg.cn/large/5330fdf3jw1ert4gnc79nj20qo0hrafu.jpg,https://ww1.sinaimg.cn/large/5330fdf3jw1ert4gnynmyj20qo0hrn0z.jpg,https://ww2.sinaimg.cn/large/5330fdf3jw1ert4gobueqj20bu0hsq4m.jpg,https://ww3.sinaimg.cn/large/5330fdf3jw1ert4gol2vrj20qo0hrwib.jpg,https://ww1.sinaimg.cn/large/5330fdf3jw1ert4gox1dkj20bu0hs402.jpg,https://ww4.sinaimg.cn/large/5330fdf3jw1ert4gp67ugj20qo0hracq.jpg,https://ww2.sinaimg.cn/large/5330fdf3jw1ert4gpkfduj20qo0hrgp6.jpg,https://ww1.sinaimg.cn/large/5330fdf3jw1ert4gpw1gxj20qo0hrq71.jpg",,,2015-05-05,iPhone 6,13,4,6,,
3838379378365107,Cg6qdz695,【@电影闯入者 ，恰如结尾处的那段大提琴弦乐，弹奏的是对那段“生活”的叩问，由于历史原因，那段时光，总有被生活强奸折磨所致，忘掉过去往前看亦不是一件好事，学会原谅与不原谅只有一字之差，一念之间…】力赞吕中老师表演的细腻入微。 ,https://ww1.sinaimg.cn/large/5330fdf3jw1erqwu3nldsj20lo0dv75z.jpg,,,2015-05-03,iPhone 6,3,0,0,,电影闯入者
3838370964434299,Cg6cEiByX,【用一辈子的专注，演一辈戏的人物】 吕中 | 伟大的停顿 ,,,,2015-05-03,iPhone 6,4,0,1,,
3837989266229361,CfWh0q8xz,【吕中老师———生日快乐】生活中的吕妈妈是一个很随和的人，影视作品中的吕老师是一个很大气的演员；每次与她见面，都会学到许多丰富的人生哲理，内心里充满正能量。祝福亲爱的“吕妈妈”生日快乐！幸福健康！最重要的支持吕老师主演，@导演王小帅 导演的新作@电影闯入者 《闯入者》 ,"https://ww3.sinaimg.cn/large/5330fdf3jw1erpo2cpfquj20g40akq3z.jpg,https://ww3.sinaimg.cn/large/5330fdf3jw1erpo2cy3zsj20fa0a7wez.jpg,https://ww1.sinaimg.cn/large/5330fdf3jw1erpo2d7m0nj20hs0egq45.jpg,https://ww2.sinaimg.cn/large/5330fdf3jw1erpo2df31ij209e0bngmj.jpg,https://ww3.sinaimg.cn/large/5330fdf3jw1erpo2dqa34j20cl0hsgnp.jpg,https://ww2.sinaimg.cn/large/5330fdf3jw1erpo2chpysj20980bzt9d.jpg,https://ww1.sinaimg.cn/large/5330fdf3jw1erpo2dzmxlj20dq0gj75n.jpg,https://ww3.sinaimg.cn/large/5330fdf3jw1erpo2e9xevj208j0cimy0.jpg,https://ww3.sinaimg.cn/large/5330fdf3jw1erpo2ejizaj20lo0dvq4l.jpg",,,2015-05-02,iPhone 6,9,3,5,,"导演王小帅,电影闯入者"
3837447295155525,CfIaRlDbD,【《闯入者》，王小帅执导，表演艺术家吕中，@冯远征 ，@秦海璐 领衔主演，一部有诚心的作品，今日上映，从业者、观望者，静下心，用实际行动支持！@范冰冰 @陈坤 @程青松等 力荐好作品】欢迎转发并走进影院支持。 ,"https://ww2.sinaimg.cn/large/5330fdf3jw1ernxtowhdyj20ji0yoaf2.jpg,https://ww3.sinaimg.cn/large/5330fdf3jw1ernxtp7ttij20ji0yowiy.jpg,https://ww4.sinaimg.cn/large/5330fdf3jw1ernxtq13r7j20ji0yon1u.jpg,https://ww4.sinaimg.cn/large/5330fdf3jw1ernxtqvihqj20ji0yo0x2.jpg,https://ww1.sinaimg.cn/large/5330fdf3jw1ernxtrlisvj20ji0yo439.jpg,https://ww1.sinaimg.cn/large/5330fdf3jw1ernxtrz7g6j20bs0goada.jpg,https://ww1.sinaimg.cn/large/5330fdf3jw1ernxttdk68j20pc18g7cn.jpg,https://ww3.sinaimg.cn/large/5330fdf3jw1ernxtvhzsgj20xc0mtqf0.jpg,https://ww4.sinaimg.cn/large/5330fdf3jw1ernxto7ro5j20go0b4dhi.jpg",,,2015-04-30,iPhone 6,7,4,15,,"冯远征,秦海璐,范冰冰,陈坤,程青松等"
3836649546749171,CfnqasjLB,【@彭玉 彭玉老妈的灿烂春天，I LOVE YOU！[玫瑰][爱心]】 ,"https://ww1.sinaimg.cn/large/5330fdf3jw1erle6qj53mj20p60vk0x6.jpg,https://ww1.sinaimg.cn/large/5330fdf3jw1erle6r8bm4j20ne0vkq7u.jpg,https://ww1.sinaimg.cn/large/5330fdf3jw1erle6sgsadj20no0vkwlw.jpg",,,2015-04-28,iPhone 6,13,4,9,,彭玉
3836174218916426,Cfb3vBpzk,【“新晋小生”@孟阿赛 ———生日快乐】“高富帅”，“星二代”，“钢铁战士”，“乐队鼓手”，“肌肉型男”，其实他的真实身份是中央戏剧学院表演系的优秀毕业生，青年演员，“影坛小鲜肉”，奋斗的“金牛小王子”，赛哥，生日快乐！奔跑起来！🎁 ,"https://ww3.sinaimg.cn/large/5330fdf3jw1erjvmdqrd2j208o0dc3z5.jpg,https://ww2.sinaimg.cn/large/5330fdf3jw1erjvmdypwdj20no0vk78d.jpg,https://ww3.sinaimg.cn/large/5330fdf3jw1erjvme6p35j20dc0hs0v2.jpg,https://ww2.sinaimg.cn/large/5330fdf3jw1erjvmeua7xj20no0unadb.jpg,https://ww2.sinaimg.cn/large/5330fdf3jw1erjvmdatt8j20nc0ton1b.jpg,https://ww2.sinaimg.cn/large/5330fdf3jw1erjvmf3vt8j20hs0qoq4b.jpg,https://ww3.sinaimg.cn/large/5330fdf3jw1erjvmfgeshj20dd0jxjsk.jpg,https://ww4.sinaimg.cn/large/5330fdf3jw1erjvmgilfnj20qo0hrjw6.jpg,https://ww1.sinaimg.cn/large/5330fdf3jw1erjvmhejicj20he0n57a7.jpg",,,2015-04-27,iPhone 6,1,1,3,,孟阿赛
3831879901491592,Cdnlc6g1W,【德艺芬芳---祝福曹翠芬老师生日快乐！】  ,https://ww4.sinaimg.cn/large/5330fdf3jw1er66f4h43bj208c08cglx.jpg,,,2015-04-15,初页小情书,15,6,5,,
3831228718933188,Cd6oTBtVG,【📢，由著名导演@导演丁黑 执导，@佟丽娅 @李光洁 ，@黄爱玲-银凤凰 ，@赵珈琪 ，@耀龙闾汉彪 ，@岳霄冰 ，@孟阿赛 等主演的电视剧《酷爸俏妈》今晚开始北京卫视，东方卫视黄金时段7:30双城开播，期待“小鲜肉”孟阿赛与佟丽娅的“舞台首秀”】@天地人和文化传播有限公司 ,"https://ww2.sinaimg.cn/large/5330fdf3jw1er43jj2up7j20cc0jg0uw.jpg,https://ww4.sinaimg.cn/large/5330fdf3jw1er43jjgolwj20qo0hrn1x.jpg,https://ww3.sinaimg.cn/large/5330fdf3jw1er43jk2dymj20bu0hs0u0.jpg,https://ww4.sinaimg.cn/large/5330fdf3jw1er43jigxh6j20qo0hpaco.jpg,https://ww3.sinaimg.cn/large/5330fdf3jw1er43jkj9jkj20bx0hs760.jpg",,,2015-04-13,iPhone 6,5,1,1,,"导演丁黑,佟丽娅,李光洁,黄爱玲-银凤凰,赵珈琪,耀龙闾汉彪,岳霄冰,孟阿赛,天地人和文化传播有限公司"
3830769564290223,CcUski059,【电视剧《婚前协议》】由上海银润出品，@于和伟 ，@何晟铭 ，@方子春 ，等主演的@电视剧_婚前协议 将于4月12号（就在今晚7:30）登陆辽宁卫视，陕西卫视播出，方子春老师饰演何晟铭的妈妈，“母子情深，喜剧连连”，好剧追起来。 ,"https://ww1.sinaimg.cn/large/5330fdf3jw1er2mvbm2llj20ly0cs0vb.jpg,https://ww4.sinaimg.cn/large/5330fdf3jw1er2mvb8mqaj20hs0iidji.jpg",,,2015-04-12,iPhone 6,9,4,15,,"于和伟,何晟铭,方子春,电视剧_婚前协议"
3828575134117477,CbZmVhh8V,【我的青春在校园】 ,"https://ww4.sinaimg.cn/large/5330fdf3jw1eqvmw1d1jwj218g18ge81.jpg,https://ww3.sinaimg.cn/large/5330fdf3jw1eqvmvv3nl0j218g18ghdt.jpg,https://ww2.sinaimg.cn/large/5330fdf3jw1eqvmw27byij20qo0qodlx.jpg,https://ww1.sinaimg.cn/large/5330fdf3jw1eqvmw3vidoj218g18gamr.jpg",,,2015-04-06,iPhone 6,0,6,1,,
3826917889154980,CbifWCpCY,麻辣方香———方子春 点击链接播放超酷H5大片>> 网页链接  (通过 #初页# 制作) @热门初页@方子春 @天地人和文化传播有限公司 @芳小渔 @牛馨泽eleven  ,https://ww4.sinaimg.cn/large/5330fdf3jw1eqqcjeaupcj208c08c0sv.jpg,,,2015-04-01,初页小情书,2,0,5,初页,"热门初页,方子春,天地人和文化传播有限公司,芳小渔,牛馨泽eleven"
3826911018495261,Cbi4RzE0l,【btv文艺频道影视风云 “荧屏金牌母亲---彭玉老师”专辑】正在播出…收看的朋友点个赞！@彭玉 @赵珈琪 @孟阿赛 @牛馨泽eleven @天地人和文化传播有限公司 ,"https://ww2.sinaimg.cn/large/5330fdf3jw1eqqbr8klihj218g0xcwqi.jpg,https://ww2.sinaimg.cn/large/5330fdf3jw1eqqbrasn78j218g0xc14y.jpg,https://ww1.sinaimg.cn/large/5330fdf3jw1eqqbrdk9u6j218g0xbwzk.jpg,https://ww1.sinaimg.cn/large/5330fdf3jw1eqqbr6oiv2j218g0xc7nb.jpg",,,2015-04-01,iPhone 6,3,0,1,,"彭玉,赵珈琪,孟阿赛,牛馨泽eleven,天地人和文化传播有限公司"
3826180559872786,CaZ4HFqmu,【皮囊---儿时的记忆，历历在目】读完了@蔡崇达 蔡老师的《皮囊》，儿时的记忆，祖辈的恩情，南方的小镇，点点滴滴，涌上心头，如有时间去回忆，我将用文字记录那时，那人，那情，书名就用《历历在目》，寻找故乡的味道。 ,https://ww2.sinaimg.cn/large/5330fdf3jw1eqnzvebjwvj20hs0bwmxw.jpg,,,2015-03-30,iPhone 6,1,0,0,,蔡崇达
3824569645064812,CajaslfAw,【北京，城中央】 ,https://ww3.sinaimg.cn/large/5330fdf3jw1eqiuuwgz3vj218g0p044y.jpg,,,2015-03-26,iPhone 6,1,0,0,,
3823288452676739,C9LQ1beld,#假如爱有天意#【放飞的心 随爱走】 ,https://ww1.sinaimg.cn/large/5330fdf3jw1eqerojpbeyj218g0p0tdk.jpg,,,2015-03-22,iPhone 6,2,0,0,假如爱有天意,
3815985565838658,C6HRaouTU,【稳住阵脚，努力向上，向着阳光，吸收能量】 ,https://ww4.sinaimg.cn/large/5330fdf3jw1eprgzxo557j20jm0a6q6h.jpg,,,2015-03-02,iPhone 6,3,0,0,,
3815637162099218,C6yNe8O6m,【油菜花开.桃花正红】 ,"https://ww2.sinaimg.cn/large/5330fdf3jw1epqcx77i0pj218g0xctsw.jpg,https://ww1.sinaimg.cn/large/5330fdf3jw1epqcxeukc7j20xc18g7l6.jpg,https://ww2.sinaimg.cn/large/5330fdf3jw1epqcx1rjtzj20xc18gk2d.jpg,https://ww2.sinaimg.cn/large/5330fdf3jw1epqczicsy5j20xc18gdpu.jpg",,,2015-03-01,iPhone 6,5,0,1,,
3811974863474277,C51wiezOJ,走过2014、除了感谢、还有感恩！迎接2015、心存感激、期待携手！值此新春佳节诚祝各位亲朋好友：新春快乐！阖家幸福！ ,https://ww3.sinaimg.cn/large/5330fdf3jw1epeodhhhd9j20hs0qoq58.jpg,,,2015-02-19,iPhone 6,2,0,0,,
3805023462630697,C26Gmb2mB,#为彭玉老妈齐贺寿#荧屏上，彭玉老师的“子女满天下”，@倪萍 @殷桃粉丝团 @牛莉 @朱媛媛 @杨紫 @李小璐Super璐 @演员李崇霄 @任帅围脖 @演员邵峰 @范雷 生活中，彭玉老妈“儿孙满堂”，@赵玲琪 @赵珈琪 @孟阿赛 祝福亲爱的老妈@彭玉 生日快乐！健康长寿！笑口常开！爱您[爱心][玫瑰]💝🎁 ,"https://ww4.sinaimg.cn/large/5330fdf3jw1eoshuyz2vtj20go0ch75n.jpg,https://ww4.sinaimg.cn/large/5330fdf3jw1eoshuzpkh7j20fa0a6myf.jpg,https://ww4.sinaimg.cn/large/5330fdf3jw1eoshv1mue4j20qo0hqdj0.jpg,https://ww1.sinaimg.cn/large/5330fdf3jw1eoshv28kqqj208c068q3f.jpg,https://ww3.sinaimg.cn/large/5330fdf3jw1eoshv2z6akj20c80f0wh3.jpg,https://ww1.sinaimg.cn/large/5330fdf3jw1eoshv33nbqj20a006oglz.jpg,https://ww3.sinaimg.cn/large/5330fdf3jw1eoshuy9xt9j209q0700sx.jpg,https://ww1.sinaimg.cn/large/5330fdf3jw1eoshv37uglj20b407eq3r.jpg,https://ww4.sinaimg.cn/large/5330fdf3jw1eoshv3eqqlj20ak071jro.jpg",,,2015-01-31,iPhone 6,60,15,41,为彭玉老妈齐贺寿,"倪萍,殷桃粉丝团,牛莉,朱媛媛,杨紫,李小璐Super璐,演员李崇霄,任帅围脖,演员邵峰,范雷,赵玲琪,赵珈琪,孟阿赛,彭玉"
3800499247484346,C0cZevp1g,【“用温情的电影拥抱世界”】从吕中主演的@电影催眠大师 ，到@归亚蕾 主演的@电影重返20岁 ，再到@严敏求 主演的@包里的秘密微电影 。@陳正道 导演用暖色调旋律给影迷一个温情的拥抱。推理后是拯救，笑过后是眼泪，感化后是正义。老艺术家们的深情演绎，艺术升华后是过硬的票房，鱼与熊掌兼得，难得！ ,"https://ww1.sinaimg.cn/large/5330fdf3jw1eoe2acv7gcj20hs0hs75c.jpg,https://ww3.sinaimg.cn/large/5330fdf3jw1eoe2ad8ossj20b40gota3.jpg,https://ww3.sinaimg.cn/large/5330fdf3jw1eoe2acp65lj20m80m8ae3.jpg,https://ww2.sinaimg.cn/large/5330fdf3jw1eoe2adka8nj20hs0ar75r.jpg",,,2015-01-18,iPhone 6,6,0,3,,"电影催眠大师,归亚蕾,电影重返20岁,严敏求,包里的秘密微电影,陳正道"
3796794850721198,BEC4J31Ce,十年之作——单曲《空花瓶》空花瓶  查看图片,,https://api.youku.com/videos/player/file?data=WcEl9oEuVdTJOVEkwTmpJNHwwfDF8MTAwNTAO0O0O,,2015-01-08,iPhone 6,6,1,3,,
3793996486945786,BDrhet8UO,「挥手2014，坐等2015」这一年，因为亲人的离世，有过大悲；这一年，因为梦想的步步实现，心存感恩；这一年，与家人共同走过大好河山，深情在心头；这一年，与小伙伴并肩而战，奋斗与奔跑。祝福各位看官，在新年里：H，好运常在，A，爱在心头，P，平步青云，P，跑步前行，Y，有梦就追！happy new year! ,"https://ww3.sinaimg.cn/large/5330fdf3jw1entbkovppkj20me0hsq5q.jpg,https://ww2.sinaimg.cn/large/5330fdf3jw1entbkpo1b2j20qo0hstal.jpg,https://ww3.sinaimg.cn/large/5330fdf3jw1entbkmmgenj20hs0qoq4r.jpg",,,2015-01-01,iPhone客户端,4,2,0,,
3788494251820570,BB88F7DC2,由@陳正道 导演任监制，曾晋为&赵祖祥导演联合执导，@严敏求 ，@蓝正龙 @胡夏 @周韦彤Cica 领衔主演的电影《包里的秘密》已杀青，期待早日观影！ ,https://ww2.sinaimg.cn/large/5330fdf3jw1enbrlhxti2j20df0k3gmc.jpg,,,2014-12-16,iPhone客户端,23,20,68,,"陳正道,严敏求,蓝正龙,胡夏,周韦彤Cica"
3788492125361779,BB85emuQj,「恭喜＂老妈＂@彭玉 老师＜@电视剧重生丽人 ＞戏份杀青，该剧由紫骏传媒出品@曹哲7658 @莫人出品人 ，@李小璐Super璐 ，@张译 领衔主演，彭玉老师饰演李小璐的＂奶奶＂，这是一部都市情感的精良之作，期待！[玫瑰][玫瑰][玫瑰][爱心]🎁」 ,"https://ww4.sinaimg.cn/large/5330fdf3jw1enbrctgllnj20hs0p6tbb.jpg,https://ww2.sinaimg.cn/large/5330fdf3jw1enbrcu8m1aj20qo0hrdgz.jpg,https://ww3.sinaimg.cn/large/5330fdf3jw1enbrcupzuwj20qo0hsq3y.jpg,https://ww3.sinaimg.cn/large/5330fdf3jw1enbrcw30trj20da0k3ab1.jpg,https://ww2.sinaimg.cn/large/5330fdf3jw1enbrcwv9vej20qo0fgjt5.jpg",,,2014-12-16,iPhone客户端,14,4,6,,"彭玉,电视剧重生丽人,曹哲7658,莫人出品人,李小璐Super璐,张译"
3787047891966794,BAwvP8fEu,「恭喜吕中老师凭借电影＜闯入者＞荣获第八届亚太电影节＂影后桂冠＂」当地时间12月11日，第8届亚太电影大奖（APSA）在澳大利亚布里斯班举行。老戏骨吕中则凭借《闯入者》荣膺影后，这也是自去年章子怡凭借《一代宗师》封后之后，中国女演员连续第二年在亚太电影节斩获影后大奖。[玫瑰]💝 ,https://ww3.sinaimg.cn/large/5330fdf3jw1en75iv4yegj20c8085t92.jpg,,,2014-12-12,iPhone客户端,6,0,0,,
3782698310973991,ByHmn45nx,「第二届西安＂金丹若＂国际微电影艺术节」恭喜@萨日娜srn ＂评委会大奖＂，@李晨，@戴娇倩 荣获＂最佳男女演员奖＂，恭喜@余少群，@吴昕 荣获＂最受观众喜爱男女演员奖＂，恭喜陈逸恒老师荣获＂最佳导演奖＂，著名表演艺术家严敏求，马德华，董勇，李琦，＜来自星星的你 韩国＞导演张太侑等嘉宾开奖。 ,"https://ww4.sinaimg.cn/large/5330fdf3jw1emta0c5qg1j20uu17rn8w.jpg,https://ww4.sinaimg.cn/large/5330fdf3jw1emta0cztagj20hs0vk40y.jpg,https://ww2.sinaimg.cn/large/5330fdf3jw1emta0actfqj20qo0zkdlc.jpg,https://ww2.sinaimg.cn/large/5330fdf3jw1emta0df3v6j20k00qodhy.jpg,https://ww4.sinaimg.cn/large/5330fdf3jw1emta0eu19vj20ci0m8dgy.jpg",,,2014-11-30,iPhone客户端,27,4,3,,"萨日娜srn,李晨,戴娇倩,余少群,吴昕"
3775105101993840,BvvPg8mGI,「丽江，雪山，小巷，瓦梁，鲜花，一束阳光」 ,"https://ww3.sinaimg.cn/large/5330fdf3jw1em51x6en1aj20da0hstal.jpg,https://ww2.sinaimg.cn/large/5330fdf3jw1em51xk53ibj20da0hswgz.jpg,https://ww4.sinaimg.cn/large/5330fdf3jw1em51wwiv3gj20da0hs75y.jpg,https://ww1.sinaimg.cn/large/5330fdf3jw1em51xmn00aj20da0hsdhu.jpg,https://ww4.sinaimg.cn/large/5330fdf3jw1em51xvwbvdj20da0hs75m.jpg",,,2014-11-09,iPhone客户端,4,0,0,,
3753021479562330,BmfkvE7B8,【俏帮客黑中介卷百万巨款跑路 近百人上当受骗 】- 租客和房东将近一百人，俏帮客所欠金额达到了两百多万，除了拖欠租金外，俏帮客的老板陈先生还从多名朋友手中借了几十万，如今却谁也联系不上他。俏帮客虽有营业执照，但是在住建委和房管局都没有备案，btv法治频道 网页链接  ,,,,2014-09-09,bShare分享,0,5,12,,
3749958236700746,BkXDNs7ay,分享图片杨静儿亮相“华鼎奖” 古典优雅被赞“东方赫本”-娱乐频道-新华网  网页链接@演员杨静儿 ,https://ww4.sinaimg.cn/large/5330fdf3jw1ejwtuy517ej207l0dw3zs.jpg,,,2014-09-01,360安全浏览器,3,0,1,,演员杨静儿
3748994297450561,Bkyz3vgel,【《医馆笑传》热拍 闾汉彪化身“逗比老爷”(图)】日前，由著名演员闾汉彪，陈赫主演的被誉为古装版《爱情公寓》的轻喜剧《医馆笑传》正在上海盛强影视基地拍摄中。剧中，著名演员闾汉彪一改往日“暖男”“好男人”形象化身“逗比老爷”，（分享自 @凤凰娱乐）@耀龙闾汉彪 网页链接  ,https://ww4.sinaimg.cn/large/5330fdf3jw1ejtr5pz5hnj20c815njw0.jpg,,,2014-08-29,分享按钮,4,0,0,,"凤凰娱乐,耀龙闾汉彪"
3748643687085003,BkprytJ8f,曾秋生生活照曾秋生剧照搜狐娱乐讯 日前，由著名导演郭靖宇、柏杉执导，著名演员曾秋生、杨志刚、杜若溪主演的电视剧《勇敢的心》在北京卫视、天津卫视、山东卫视、江苏卫视同时热播，强势占领“黄金戏骨”曾秋生 “三剧联播”实力说话   ,https://ww1.sinaimg.cn/large/5330fdf3jw1ejsmw3x34ij20af0dwwfa.jpg,,,2014-08-28,分享按钮,2,1,2,,
3740536932035712,Bh0y98xA4,分享图片彭玉吕中严敏求曹翠芬 “荧屏四金花”斗戏(图)-娱乐频道-新华网  网页链接@彭玉 @严敏求 ,"https://ww3.sinaimg.cn/large/5330fdf3jw1ej2rthkbvyj20990dwabe.jpg,https://ww1.sinaimg.cn/large/5330fdf3jw1ej2rtka7krj20990dwta7.jpg,https://ww3.sinaimg.cn/large/5330fdf3jw1ej2rtn9misj20990dwdgc.jpg,https://ww3.sinaimg.cn/large/5330fdf3jw1ej2rtqatj9j20az0dwq4g.jpg",,,2014-08-06,360安全浏览器,12,5,18,,"彭玉,严敏求"
3736404129180844,Bfh2kCwm8,「外婆，一路走好！来生您还疼爱我吧！[大哭]🙏」 ,https://ww1.sinaimg.cn/large/5330fdf3jw1eipl6yuo5xj20hn0cvmxn.jpg,,,2014-07-26,iPhone客户端,2,23,0,,
3735905334011685,Bf43PgPCB,分享图片“麻辣姥姥”方子春暑夏写真 “麻辣升级”别样红-娱乐频道-新华网  网页链接@方子春 ,https://ww3.sinaimg.cn/large/5330fdf3jw1einzwn5rz4j20990dwmxv.jpg,,,2014-07-24,360安全浏览器,1,2,2,,方子春
3735157879669098,BeKCfEznc,【闾汉彪综艺首秀 与李维嘉《秘境》“生死”过招】据悉，电视真人秀《秘境》在竞赛环节上不断升级，移师神秘的喀纳斯，上演激烈的户外游戏竞技。（分享自 @凤凰娱乐）@耀龙闾汉彪 @秘境天津卫视 @李维嘉 闾汉彪综艺首秀 与李维嘉《秘境》“生死”过招  ,https://ww4.sinaimg.cn/large/5330fdf3jw1eilm2ghtv6j20c815jgqj.jpg,,,2014-07-22,凤凰网,0,0,0,,"凤凰娱乐,耀龙闾汉彪,秘境天津卫视,李维嘉"
3734758473329443,BeAe3dY8H,【专访严敏求：《十月围城》里的“萌老太”(图)】她是《唐明皇》里的太平公主，苏有朋版《倚天屠龙记》里的灭绝师太，《铁齿铜牙纪晓岚》里的太后，《金婚》里的文丽妈，《兄弟海》里的唐母，戏里，她饰演着公主、太后、师太、母亲等各种人物的传奇一生。 （分享自 @凤凰娱乐） 专访严敏求：《十月围城》里的“萌老太”(图)  ,https://ww2.sinaimg.cn/large/5330fdf3jw1eikc735e7vj20c819pjxn.jpg,,,2014-07-21,凤凰网,2,1,3,,凤凰娱乐
3734758015808192,BeAdjomYw,分享图片专访严敏求：《十月围城》里的“萌老太”(图)-娱乐频道-新华网  网页链接@严敏求 @电视剧十月围城 @唯鎛是瞻 ,https://ww2.sinaimg.cn/large/5330fdf3jw1eikc4iipkvj20ci08ct95.jpg,,,2014-07-21,360安全浏览器,1,0,1,,"严敏求,电视剧十月围城,唯鎛是瞻"
3733780793222173,BeaN9dwex,分享图片方子春《保卫孙子》热播 《媳妇女王》“热拍”-娱乐频道-新华网  网页链接@方子春 @银润传媒 @电视剧_保卫孙子 @东方卫视番茄台 ,https://ww4.sinaimg.cn/large/5330fdf3jw1eih7wtlkzcj20ci0dawg3.jpg,,,2014-07-18,微博 weibo.com,0,2,3,,"方子春,银润传媒,电视剧_保卫孙子,东方卫视番茄台"
3733346292899715,BdZulcalB,潘虹方子春《保卫孙子》 “冤家姐妹”斗戏过瘾@方子春 @银润传媒 @电视剧_保卫孙子 @东方卫视番茄台 潘虹方子春《保卫孙子》 “冤家姐妹”斗戏过瘾_娱乐_腾讯网  ,"https://ww1.sinaimg.cn/large/5330fdf3jw1eifu0dgd1kj20fa0a7q3k.jpg,https://ww3.sinaimg.cn/large/5330fdf3jw1eifu0dj7spj20fa0a70t7.jpg",,,2014-07-17,分享按钮,2,1,2,,"方子春,银润传媒,电视剧_保卫孙子,东方卫视番茄台"
3733038036693676,BdRt9s5kw,"分享图片 方子春《保卫孙子》 “麻辣姥姥”育孙有一套(图)-娱乐频道-新华网 方子春《保卫孙子》 “麻辣姥姥”育孙有一套(图)-新华网  @方子春 @银润传媒 @东方卫视番茄台 @电视剧_保卫孙子 ",https://ww2.sinaimg.cn/large/5330fdf3jw1eieukts3krj20ci08ct9l.jpg,,,2014-07-16,微博 weibo.com,2,1,1,,"方子春,银润传媒,东方卫视番茄台,电视剧_保卫孙子"
3732209036709926,BdvU3s9yC,"分享图片潘虹方子春何赛飞 《保卫孙子》""鲜香麻辣一台戏""-娱乐频道-新华网  网页链接@方子春 @电视剧_保卫孙子 @东方卫视番茄台 @银润传媒 ",https://ww3.sinaimg.cn/large/5330fdf3jw1eic7dr8f28j20ci08bq3z.jpg,,,2014-07-14,360安全浏览器,1,0,2,,"方子春,电视剧_保卫孙子,东方卫视番茄台,银润传媒"
3730832961221377,BcW6A57JD,"严敏求《十月围城》威震天 被赞中国版《铁娘子》-娱乐频道-新华网 严敏求《十月围城》威震天 被赞中国版《铁娘子》-新华网  @严敏求 @唯鎛是瞻 @贵州卫视剧乐部 @十月围城电视剧 @深圳卫视 @湖北卫视 @安徽卫视剧乐部 ",https://ww2.sinaimg.cn/large/5330fdf3jw1ei7tbti83oj20980dwmyn.jpg,,,2014-07-10,360安全浏览器,1,1,4,,"严敏求,唯鎛是瞻,贵州卫视剧乐部,十月围城电视剧,深圳卫视,湖北卫视,安徽卫视剧乐部"
3730108986672147,BcDgSrZJh,“花样奶奶”严敏求 “萌态可掬”最窝心 “花样奶奶”严敏求 “萌态可掬”最窝心_娱乐_腾讯网  ,"https://ww4.sinaimg.cn/large/5330fdf3jw1ei5i6ia91tj20hs0qpgq9.jpg,https://ww4.sinaimg.cn/large/5330fdf3jw1ei5i6iuc32j20hs0qv0ve.jpg,https://ww1.sinaimg.cn/large/5330fdf3jw1ei5i6j87opj20hs0qpwi5.jpg,https://ww1.sinaimg.cn/large/5330fdf3jw1ei5i6jnv29j20hs0q5q5l.jpg,https://ww4.sinaimg.cn/large/5330fdf3jw1ei5i6k7bnpj20m80m8405.jpg,https://ww2.sinaimg.cn/large/5330fdf3jw1ei5i6km0gmj20hs099glu.jpg,https://ww1.sinaimg.cn/large/5330fdf3jw1ei5i6kye56j20g30dhdhl.jpg,https://ww3.sinaimg.cn/large/5330fdf3jw1ei5i6las9fj20fu0epjs9.jpg",,,2014-07-08,iPhone客户端,3,1,2,,
3729753426887441,Bcu1osTJL,"【《保卫孙子》""引爆""七月 潘虹方子春""大战""开演】七月暑期档，是各大卫视力争收视的黄金强档，各大电视台纷纷拿出最有话题的电视剧吸引观众。据悉，“国内第一档育孙话题”电视剧《保卫孙子》将于7月11日登陆东方卫 （分享自 @凤凰娱乐） 网页链接  ",https://ww3.sinaimg.cn/large/5330fdf3jw1ei4ddijfmuj20c81djq9a.jpg,,,2014-07-07,凤凰网,0,1,8,,凤凰娱乐
3728571715341072,BbZhpmpsk,严敏求吴孟达吴刚 《十月围城》老戏骨斗戏(图)-娱乐频道-新华网  网页链接@严敏求 @吴刚 @吴孟达 @十月围城电视剧 @贵州卫视剧乐部 @安徽卫视剧乐部 @湖北卫视 @深圳卫视 ,https://ww1.sinaimg.cn/large/5330fdf3jw1ei0lm35rcej20hi0c5wfs.jpg,,,2014-07-04,微博 weibo.com,2,1,2,,"严敏求,吴刚,吴孟达,十月围城电视剧,贵州卫视剧乐部,安徽卫视剧乐部,湖北卫视,深圳卫视"
3727892565095035,BbHC0lnrZ,Q版《十月围城》诞生 严敏求钟汉良“萌翻天”_娱乐_新民网  网页链接@严敏求 @唯鎛是瞻 @钟汉良 @钟汉良W良家族 @安徽卫视剧乐部 @贵州卫视剧乐部 @深圳卫视 @湖北卫视 ,https://ww3.sinaimg.cn/large/5330fdf3jw1ehyfmdqa7fj20a70dw0tz.jpg,,,2014-07-02,360安全浏览器,53,22,198,,"严敏求,唯鎛是瞻,钟汉良,钟汉良W良家族,安徽卫视剧乐部,贵州卫视剧乐部,深圳卫视,湖北卫视"
3727208268564060,BbpOizVU0,"“灭绝师太”严敏求 《十月围城》“萌老太”(图)-娱乐频道-新华网@严敏求 @十月围城电视剧 @安徽卫视 @安徽卫视剧乐部 @深圳卫视 @贵州卫视 @贵州卫视剧乐部 @湖北卫视 “灭绝师太”严敏求 《十月围城》“萌老太”(图)-新华网  ",https://ww2.sinaimg.cn/large/5330fdf3jw1ehw92bk6wrj208c0dwmyi.jpg,,,2014-06-30,360安全浏览器,5,1,1,,"严敏求,十月围城电视剧,安徽卫视,安徽卫视剧乐部,深圳卫视,贵州卫视,贵州卫视剧乐部,湖北卫视"
3726105975984861,BaX8pp6W1,#新浪新闻有奖分享# 《十月围城》严敏求 饰演 李老太太（组图）——新浪娱乐讯 由钟汉良、张晓龙、刘小小等主演的《十月围城》将登陆安徽、贵州、深圳、湖北四卫视。 （分享自 @新浪娱乐）@钟汉良 @张晓龙 @十月围城电视剧 #627十月围城首播# 网页链接  ,https://ww1.sinaimg.cn/large/5330fdf3jw1ehsqgyhs89j20qe0cuaff.jpg,,,2014-06-27,新浪娱乐,3,0,0,"新浪新闻有奖分享,627十月围城首播","新浪娱乐,钟汉良,张晓龙,十月围城电视剧"
3709724341964503,B44Yq8f3x,发表文章《天地人和文化传播有限公司 求贤令》 网页链接 ,,,,2014-05-13,iPhone客户端,0,1,3,,
3708261565813693,B3sV6oopf,「青春伴夕阳」由全国妇联，全国百所高校，中国老龄事业发展基金会联合举办的＂心系老年 青春伴夕阳＂活动在莲花池公园举行，彭玉老师被聘请为＂爱心大使＂。祝贺老妈！@彭玉 ,"https://ww2.sinaimg.cn/large/5330fdf3jw1eg7t1kzu13j20hs0da40b.jpg,https://ww1.sinaimg.cn/large/5330fdf3jw1eg7t1ma7vbj20hs0datbs.jpg,https://ww3.sinaimg.cn/large/5330fdf3jw1eg7t23kwt7j20hs0dagnx.jpg,https://ww1.sinaimg.cn/large/5330fdf3jw1eg7t24znk8j20hs0daabz.jpg,https://ww3.sinaimg.cn/large/5330fdf3jw1eg7t26xzqrj20hs0damz4.jpg,https://ww1.sinaimg.cn/large/5330fdf3jw1eg7t2ap9f3j20hs0dajtd.jpg,https://ww3.sinaimg.cn/large/5330fdf3jw1eg7t2cj9fuj20hs0damzc.jpg,https://ww4.sinaimg.cn/large/5330fdf3jw1eg7t2e3gjzj20hs0dadhv.jpg,https://ww1.sinaimg.cn/large/5330fdf3jw1eg7t2hz2t0j20da0hsdhg.jpg",,,2014-05-09,iPhone客户端,2,0,0,,彭玉
3706232512224373,B2C8r9kEZ,「生日祝福---致著名表演艺术家吕中老师」代表作品：＜人间正道是沧桑＞，＜神探狄仁杰＞，＜老有所依＞，＜娘要嫁人＞，＜走向共和＞等。祝福吕中老师生日快乐！健康幸福！ ,"https://ww4.sinaimg.cn/large/5330fdf3jw1eg1c14k5q6j20fa0a6jrt.jpg,https://ww2.sinaimg.cn/large/5330fdf3jw1eg1c165rcuj20fa09v0tk.jpg,https://ww1.sinaimg.cn/large/5330fdf3jw1eg1c16lhvmj20990dwaas.jpg,https://ww1.sinaimg.cn/large/5330fdf3jw1eg1c16sxzoj20ev09x3z6.jpg,https://ww4.sinaimg.cn/large/5330fdf3jw1eg1c17ex9aj20dw0kmq4p.jpg,https://ww2.sinaimg.cn/large/5330fdf3jw1eg1c17qlkdj208j0ci3zl.jpg,https://ww1.sinaimg.cn/large/5330fdf3jw1eg1c19hz7hj20dw0ijtb0.jpg,https://ww4.sinaimg.cn/large/5330fdf3jw1eg1c1abvu2j208c0cuwf7.jpg,https://ww3.sinaimg.cn/large/5330fdf3jw1eg1c1al6c2j208a0b4q3e.jpg",,,2014-05-03,iPhone客户端,8,3,0,,
3699932718051005,AFVHNxMqV,「烟花三月下扬州 ＂好人好戏好演员＂ 首届中国电视演员形象榜 4月18日瘦西湖开奖」 ,"https://ww4.sinaimg.cn/large/5330fdf3jw1efh8i8nenvj20hs0dajt9.jpg,https://ww4.sinaimg.cn/large/5330fdf3jw1efh8i9fwlkj20dw09q3zc.jpg,https://ww3.sinaimg.cn/large/5330fdf3jw1efh8iaz3phj20e009bta7.jpg,https://ww4.sinaimg.cn/large/5330fdf3jw1efh8id4npij20e0097jt5.jpg,https://ww1.sinaimg.cn/large/5330fdf3jw1efh8ie9k3dj20dz098my0.jpg,https://ww2.sinaimg.cn/large/5330fdf3jw1efh8ifd64vj20e206ijs6.jpg,https://ww2.sinaimg.cn/large/5330fdf3jw1efh8igqg7gj20dy0940u6.jpg,https://ww1.sinaimg.cn/large/5330fdf3jw1efh8ihm9epj20e309b3zi.jpg,https://ww1.sinaimg.cn/large/5330fdf3jw1efh8iitgb5j20eg09h766.jpg",,,2014-04-16,iPhone客户端,3,5,2,,
3672692299463753,Auv3DDHXb,「新春快乐」幸福也好，快乐也罢，都记住吧。珍惜每一份缘，珍惜每一位相遇的家人，恩师，亲人，朋友，同学，同事，新的一年，我们继续将每一时刻沉淀，积累，组成我们更好的朋友圈，马年吉祥如意！新春佳节团圆！ ,https://ww1.sinaimg.cn/large/5330fdf3jw1ed2bzucptyj20m80esabm.jpg,,,2014-01-31,Weico.iPhone,1,0,0,,
3666004347409922,ArH4Cv5ES,「老妈 生日快乐」她是＜东北一家人＞＂快乐幸福＂的陈久香；她是＜浪漫的事＞＂和女儿一同抒写爱情故事＂的妈妈；她是＜谁来伺候妈＞＂与子女动心思＂的林母；她是＜我和老妈一起嫁＞＂谱写夕阳爱情＂的老妈。。。她的慈祥和蔼，被观众誉为＂荧屏第一母亲＂，亲爱的老妈@彭玉 生日快乐！🎂 ,https://ww2.sinaimg.cn/large/5330fdf3jw1ecgzw77ldkj20fa2loaoe.jpg,,,2014-01-12,Weico.iPhone,6,7,10,,彭玉
3661648935732520,ApRLLo3i0,「写给2013」2013即将过去，对那些帮助过我们的，激励我们的，感动我们的，震撼我们的，陪伴过我们的，还有伤过我们的人，说声谢谢，是这些人，让我们成长。这一年，快乐或是伤心、收获或是迷茫，都过去了，来年，别忘了我的梦想，一切都会好的！请愿，所有的亲朋好友，长辈同仁，快乐新一年！ ,https://ww3.sinaimg.cn/large/5330fdf3jw1ec33okq5rvj20d107pwew.jpg,,,2013-12-31,Weico.iPhone,1,0,0,,
3640947101212299,AhbdI55nd,「＂青春美少女＂之@彭玉  老妈」每晚守候btv影视频道＜老爸回家＞，看彭玉老师饰演的老妈疼爱姑爷，疼爱女儿，疼爱外孙女，疼爱儿子儿媳，善良的老妈用爱告诉大家＂真情最美，真情最可贵＂。生活中的老妈更是一个热爱生活，享受生活的美少女。愿老妈永葆青春！ ,https://ww2.sinaimg.cn/large/5330fdf3jw1ea923yff5aj20dc0hst9i.jpg,,,2013-11-04,Weico.iPhone,6,8,9,,彭玉
3629954010986144,AczeV48xy,「值得纪念的日子」今天，三十四岁生日的我，感恩父母，感恩家人，感恩一路走来同学同事朋友长辈们的提携帮助，感恩众位艺术家老师们的德艺栽培，生日，与大家快乐！ ,https://ww4.sinaimg.cn/large/5330fdf3jw1e99zkk2y11j20hs0dc0u3.jpg,,,2013-10-05,Weico.iPhone,1,24,27,,
3625255316479862,AaB0nrbHU,「片名：秋天的童话」时间：2013年中秋节；拍摄地：坝上草原；摄影：peter 鹏；导演阐述：每个人的心里都有一个草原梦：天高，气爽，地黄，水蓝，牧马而行，一路高歌，一路低语。秋天里，铺上金色的阳光，如童话般流连忘返。 ,"https://ww4.sinaimg.cn/large/5330fdf3jw1e8uzxi3adhj20qo0hstd9.jpg,https://ww2.sinaimg.cn/large/5330fdf3jw1e8uzxi7yl2j20qo0hsjut.jpg,https://ww4.sinaimg.cn/large/5330fdf3jw1e8uzxirfxlj20qo0hsn0m.jpg,https://ww1.sinaimg.cn/large/5330fdf3jw1e8uzxjazahj20qo0hs41m.jpg,https://ww4.sinaimg.cn/large/5330fdf3jw1e8uzxjr640j20qo0hswj1.jpg,https://ww1.sinaimg.cn/large/5330fdf3jw1e8uzxk45bmj20qo0hswgn.jpg,https://ww3.sinaimg.cn/large/5330fdf3jw1e8uzxkez41j20qo0hsdhn.jpg,https://ww2.sinaimg.cn/large/5330fdf3jw1e8uzxl2b47j20ql0hsdie.jpg,https://ww2.sinaimg.cn/large/5330fdf3jw1e8uzxlbkf1j20qo0hstcp.jpg",,,2013-09-22,Weico.iPhone,3,0,0,,
3614703911341095,A6avZ5CSz,赵珈琪《烽火线》取经《九香》好母亲 赵珈琪《烽火线》取经《九香》好母亲 ,,,,2013-08-24,关联博客,0,0,0,,
3614443352863150,A63JJc0PQ,发表了博文 《赵珈琪《烽火线》取经《九香》好母亲》 - 文 空花瓶   在抗日奇侠，神话肆意大肆进攻国产电视荧屏的当下，给孩子拍戏，为孩子拍戏，成了稀缺产品。2013年暑假，一部以保护孩子为主的抗日电 赵珈琪《烽火线》取经《九香》好母亲 ,https://ww3.sinaimg.cn/large/5330fdf3jw1e7wi72c8m2j20fm0nfgny.jpg,,,2013-08-23,新浪博客,0,0,0,,
3602927052610870,A1e93aXcO,高铁车上，吾家媛崽问：爸爸，你给我买的是半票，是不是我只能坐座位的一半啊？[呲牙] ,https://ww4.sinaimg.cn/large/5330fdf3jw1e6vrkffwrgj20ow0xcq8c.jpg,,,2013-07-22,Weico.iPhone,2,0,0,,
3595906492339163,zEeXT9Owr,她是＜唐明皇＞刁钻的＂天平公正＂；她是＜倚天屠龙记＞最经典的＂灭绝师太＂；她是＜金婚＞慈祥的＂雯丽妈＂；她是＜布衣天子＞霸气的＂皇后＂；她是＜孝子＞最暖情的母亲；她是＜兄弟海＞威严的阿母；她是＜十月围城＞最明事理的李老太太。她是北京人艺著名表演艺术家严敏求，祝严老师生日快乐 ,https://ww1.sinaimg.cn/large/5330fdf3jw1e69d9lxif3j20fa4jttvp.jpg,,,2013-07-03,Weico.iPhone,2,5,9,,
3595488852787715,zE46hbHd9,狂风暴雨洗劫后的北京，清晨漂浮的那一缕朝霞，日月同辉，极好的！ ,"https://ww3.sinaimg.cn/large/5330fdf3jw1e681aq59s5j21jk15htn4.jpg,https://ww1.sinaimg.cn/large/5330fdf3jw1e681asq9ayj21jk15hdsh.jpg,https://ww2.sinaimg.cn/large/5330fdf3jw1e681av54xzj21jk15hnbr.jpg",,,2013-07-02,Weico.iPhone,0,3,0,,
3585748001305579,zzYHe5tDJ,宝贝，生日快乐！🎂 ,https://ww2.sinaimg.cn/large/5330fdf3jw1e5cykwhzemj20nt0xctfi.jpg,,,2013-06-05,Weico.iPhone,0,0,0,,
3584045558084746,zzgplxVd8,《福山恋》封镜 彭玉赵珈琪孟阿赛三代同堂 《福山恋》封镜彭玉赵珈琪孟阿赛三代同堂 （分享自 @新浪娱乐）@彭玉 @赵珈琪 @孟阿赛 @喜事儿一串串之福山恋 @星乐映画影视传媒 ,https://ww4.sinaimg.cn/large/5330fdf3jw1e57j20ccbrj20i90i8gpg.jpg,,,2013-05-31,微博 weibo.com,1,3,11,,"新浪娱乐,彭玉,赵珈琪,孟阿赛,喜事儿一串串之福山恋,星乐映画影视传媒"
3583745577911496,zz8Bvxc8M,剧版《十月围城》热拍严敏求钟汉良祖孙情  剧版《十月围城》热拍严敏求钟汉良祖孙情  （分享自 @新浪娱乐）@严敏求 @钟汉良 @电视剧十月围城 ,"https://ww2.sinaimg.cn/large/5330fdf3jw1e56klt3kowj207n0goglz.jpg,https://ww4.sinaimg.cn/large/5330fdf3jw1e56klt3ojoj20ac0godgf.jpg",,,2013-05-30,新浪娱乐,1,0,1,,"新浪娱乐,严敏求,钟汉良,电视剧十月围城"
3578605927867295,zwYTKx0DR,＜逃离北上广＞2015年全球同步上映！ ,https://ww1.sinaimg.cn/large/5330fdf3jw1e4q6bp7d5jj20hs0hs40l.jpg,,,2013-05-16,Weico.iPhone,1,2,2,,
3573468438193250,zuPftynrc,祝尊敬的吕中老师生日快乐！ ,https://ww2.sinaimg.cn/large/5330fdf3jw1e49saj4rraj20680hat9s.jpg,,,2013-05-02,Weico.iPhone,0,7,4,,
3572055888537474,zuevazOZc,外滩 午后茶  #拼图# ,https://ww2.sinaimg.cn/large/5330fdf3jw1e45a2ahqigj20hs0og428.jpg,,,2013-04-28,Weico.iPhone,0,0,0,拼图,
3571265744745913,ztTWKjUCZ,Flight  #拼图# ,https://ww2.sinaimg.cn/large/5330fdf3jw1e42rbedym2j20hs0ogju6.jpg,,,2013-04-26,Weico.iPhone,0,1,0,拼图,
3569647552678142,ztdQLbeHQ,微博上的关于救灾的新闻，传闻，真假难辨，爱心被利用，捐助也有被利用，感人会被利用。处处是人为的陷阱。惊恐！ ,,,,2013-04-21,Weico.iPhone,0,0,0,,
3569282870786606,zt4mz3iDc,@湖南卫视  正在直播地震72小时，@邱启明  用嘶哑的声音在直播，邱的新闻素养大大提高了湖南卫视的新闻专业性，只是为邱主持的疲惫不堪担心。估计这绝不是湖南卫视的故意炒作，在大灾大难面前，主持人的现场掌控很重要，还有上海东方卫视的女主持人也很棒，坚守了一天，向真正的媒体人致敬！  #Weico+# ,https://ww1.sinaimg.cn/large/5330fdf3jw1e3wfl48qe1j20fz0b10v3.jpg,,,2013-04-20,Weico.iPhone,7,14,22,Weico+,"湖南卫视,邱启明"
3566740342101681,zs0dI8OK5,有过这样童年的请举手！ ,https://ww2.sinaimg.cn/large/5330fdf3jw1e3obkwyxpyj.jpg,,,2013-04-13,Weico.iPhone,0,1,0,,
3566720523961759,zrZHKgCDl,家有一私家大厨   #拼图#@刘柏廷BLOG 就是有好口福啊！等你成大腕了，就会涨价了吧 ,https://ww4.sinaimg.cn/large/5330fdf3jw1e3o9azlf5oj.jpg,,,2013-04-13,Weico.iPhone,0,2,2,拼图,刘柏廷BLOG
3565468247521454,zrt7WvyFM,她是第一个抱我的女人，她是第一个亲我的女人，她在我获得优秀成绩时第一个给我表扬的人，她在我遇到挫折时将我拥吻在身怀的人。妈妈，生日快乐！愿您永远健康长寿！永远爱您！！ ,https://ww1.sinaimg.cn/large/5330fdf3jw1e3k9he1wi1j.jpg,,,2013-04-10,Weico.iPhone,1,17,5,,
3564524336304997,zr4zvqsdv,突然想问问大家：世界上最美好的两个字是______，请将您的答案告诉大家，传递正能量！ ,,,,2013-04-07,Weico.iPhone,0,8,2,,
3564151555731544,zqUSfo32g,虎丘 拙政园 狮子林  #拼图# ,https://ww3.sinaimg.cn/large/5330fdf3jw1e3g29h5ysaj.jpg,,,2013-04-06,Weico.iPhone,1,0,0,拼图,
3564056621046346,zqSp84ocy,昆曲之美！@昆曲曾杰 @唯鎛是瞻     #拼图# ,https://ww4.sinaimg.cn/large/5330fdf3jw1e3frcyozrfj.jpg,,,2013-04-06,Weico.iPhone,0,1,0,拼图,"昆曲曾杰,唯鎛是瞻"
3564011565733728,zqReso3Bu,同里 寒山寺   #拼图# ,https://ww1.sinaimg.cn/large/5330fdf3jw1e3fm6om1tjj.jpg,,,2013-04-06,Weico.iPhone,0,5,2,拼图,
3563323507172597,zqzkGu5V3,周庄 沈厅 万山蹄  #拼图# ,https://ww2.sinaimg.cn/large/5330fdf3jw1e3df5vq0n1j.jpg,,,2013-04-04,Weico.iPhone,0,0,0,拼图,
3563106397147151,zqtGvtZiD,夜游苏城！评弹相伴！  #拼图# ,https://ww2.sinaimg.cn/large/5330fdf3jw1e3cq87z40zj.jpg,,,2013-04-03,Weico.iPhone,0,8,0,拼图,
3563003477524672,zqr0vvzvG,烟花三月下江南  #拼图# ,https://ww2.sinaimg.cn/large/5330fdf3jw1e3ceep3ncjj.jpg,,,2013-04-03,Weico.iPhone,0,2,0,拼图,
3562381881738342,zqaPW7idM,蚌埠，水天一色  #拼图# ,https://ww1.sinaimg.cn/large/5330fdf3jw1e3af0omtarj.jpg,,,2013-04-01,Weico.iPhone,1,1,0,拼图,
3558701262509487,zoD5sawPB,分享图片“幸福2013中国视协演员工作委员会年会”看到各位老师们的合影上新浪焦点图了，@中视协演员工作委员会 @宋春丽 老师，@八家戶村 陈建斌老师，@演员侯勇 老师，@聂远 老师，@张晞临 老师，@演员张国强 老师，吕中老师，范明老师，各位老师收图了！ ,https://ww2.sinaimg.cn/large/5330fdf3jw1e2yo8f0m1jj.jpg,,,2013-03-22,微博 weibo.com,2,1,1,,"中视协演员工作委员会,宋春丽,八家戶村,演员侯勇,聂远,张晞临,演员张国强"
3556266712258863,znBKL9tDh,今晚的我是歌手，各有各的优势，但是，摇滚，特别是不熟悉的摇滚歌曲，还是不被投票，憾！ ,https://ww1.sinaimg.cn/large/5330fdf3jw1e2qwp97nbbj.jpg,,,2013-03-16,Weico.iPhone,1,1,0,,
3553723592626951,zmxAXb1ob,今晚的 我是歌手 最打动的是@林志炫TerryLin 你的眼神 细腻动情！ ,https://ww3.sinaimg.cn/large/5330fdf3jw1e2ismmj6z3j.jpg,,,2013-03-08,Weico.iPhone,0,1,0,,林志炫TerryLin
3553624749713265,zmv1wEKRz,"至此佳节，祝福""家里""的婆婆妈妈，姐姐妹妹们：节日快乐！幸福2013！@彭玉 @严敏求 @兰花花李明启 @方子春 @徐幸x @赵珈琪 @赵玲琪 @国话张英 @委员会伊琳 @阚kanma @演员涓子 @演员梁月军 @演员王一珺 @郑心潼 @演员赵小熠 @沈陶然STR @演员邢珊 @邵路雅 @胡薇vivi 以及所有认识合作过的她性朋友。 ",https://ww2.sinaimg.cn/large/5330fdf3jw1e2ih9ybs2fj.jpg,,,2013-03-08,iPad客户端,0,8,1,,"彭玉,严敏求,兰花花李明启,方子春,徐幸x,赵珈琪,赵玲琪,国话张英,委员会伊琳,阚kanma,演员涓子,演员梁月军,演员王一珺,郑心潼,演员赵小熠,沈陶然STR,演员邢珊,邵路雅,胡薇vivi"
3552785045680224,zm9banPGw,@芳小渔  同学，生日快乐！两年多的朝夕共处，你的成长，你的历练，进步很大。希望在新的一年里，你的工作，事业，爱情都能丰收！加油！加油！  #Weico+# ,https://ww2.sinaimg.cn/large/5330fdf3jw1e2fsu5khtij.jpg,,,2013-03-06,Weico.iPhone,0,2,1,Weico+,芳小渔
3551178551740385,zlto37iKJ,我是歌手，因为@林志炫TerryLin 而感动！ 黄妈还是那个黄妈，只是今晚的歌曲更喜欢席琳迪翁的版本。接下来看辛晓琪的（领悟）咯！ ,https://ww3.sinaimg.cn/large/5330fdf3jw1e2aoc1fmi9j.jpg,,,2013-03-01,Weico.iPhone,0,1,0,,林志炫TerryLin
3550791916846609,zljkrsJ7b,＂幸福2013 中国电视艺术家协会演员工作委员会年会＂@中视协演员工作委员会 圆满成功！各位演员老师齐聚一堂，其乐融融。   #拼图# ,https://ww2.sinaimg.cn/large/5330fdf3jw1e29fxgy17sj.jpg,,,2013-02-28,Weico.iPhone,0,0,1,拼图,中视协演员工作委员会
3550435044193765,zla2QhAZn,忙活了一个跨年，明天，@中视协演员工作委员会 幸福2013年会， 汾酒会所，各位明星大腕，领导老师们，美酒、大奖等着您！#拼图# ,https://ww1.sinaimg.cn/large/5330fdf3jw1e28axz93elj.jpg,,,2013-02-27,Weico.iPhone,1,0,1,拼图,中视协演员工作委员会
3549350988713718,zkHQmAyPQ,一个人的元宵节，感冒还未痊愈，四个小菜，配上草莓汤圆。清清亮亮过节，认认真真工作，踏踏实实做人。 ,https://ww1.sinaimg.cn/large/5330fdf3jw1e24ufwkoxjj.jpg,,,2013-02-24,iPhone客户端,0,3,2,,
3548406804512884,zkjhuiW0s,返回北京，遭遇雾霾，身体欠佳，一夜咳嗽，到天明。 ,https://ww3.sinaimg.cn/large/5330fdf3jw1e21u04g78dj.jpg,,,2013-02-22,Weico.iPhone,1,11,4,,
3547211918522556,zjOcfzL6A,北京，离别，回归！  #Weico+# ,https://ww2.sinaimg.cn/large/5330fdf3jw1e1y0rtmyjrj.jpg,,,2013-02-19,Weico.iPhone,0,7,1,Weico+,
3547102216845584,zjLljsIQE,春节，回家后才有年的味道；离开亲人后顿时想念。城市，节后工作的那个拥挤的地方；那个为了理想打拼的地方。别，难离！ ,https://ww3.sinaimg.cn/large/5330fdf3jw1e1xo695gtpj.jpg,,,2013-02-18,Weico.iPhone,0,9,1,,
3547004355859658,zjINtoAmC,上班第一天，鲜榨一杯纯天然空气水。 ,https://ww3.sinaimg.cn/large/5330fdf3jw1e1xcxnemh2j.jpg,,,2013-02-18,Weico.iPhone,0,0,1,,
3546140232522110,zjmjJaA7c,再听@黄绮珊  ＜牵手＞，泪眼模糊视线，决定明天去看外婆，为了不给自己留遗憾！想起了很多小时候外婆疼爱我的时光，初一给她老人家拜年的时候，她已经不是那个很＂精爽＂的外婆，岁月的催老，身体大不如从前。明天，放下一切，再去看看老人家，再在外婆面前让她＂狠狠的疼爱＂我一回。为外婆祈福！ ,,,,2013-02-16,Weico.iPhone,0,1,2,,黄绮珊
3546111002638673,zjlyAb4rf,过年，拜年，打麻将！＜我是歌手＞终于等到了最爱的歌声：林志炫，还有这首最爱的：{没离开过}。黄妈的{牵手}触动了感情线！  #拼图# ,https://ww3.sinaimg.cn/large/5330fdf3jw1e1uic1hdi3j.jpg,,,2013-02-15,Weico.iPhone,0,2,2,拼图,
3544045471436127,zitP561Bl,福到了！好运来！祝福所有我关注的朋友和所有关注我的＂粉丝＂们；祝福所有新认识的朋友和很多年的＂家人＂朋友。新年行大运！万事都如意！ ,https://ww1.sinaimg.cn/large/5330fdf3jw1e1nx40hgd9j.jpg,,,2013-02-10,Weico.iPhone,1,6,2,,
3541894799563478,zhzSfE7TE,专享空中快客！云中游记！  #拼图# ,https://ww3.sinaimg.cn/large/5330fdf3jw1e1h23ytwaxj.jpg,,,2013-02-04,Weico.iPhone,0,2,3,拼图,
3541881310730413,zhzwv340R,飞行，回家，春节，团聚！  #拼图# ,https://ww1.sinaimg.cn/large/5330fdf3jw1e1h0k70wc9j.jpg,,,2013-02-04,Weico.iPhone,0,2,0,拼图,
3541042844376007,zhdI8imoL,羽泉的老而不嫩！黄琦珊的震撼！小哥的真实！陈明的惊艳！杨宗伟的空灵！黄贯中的返场献艺确实很音乐！喜欢，我是歌手！  #拼图# ,https://ww3.sinaimg.cn/large/5330fdf3jw1e1ec9ifbsfj.jpg,,,2013-02-01,Weico.iPhone,0,0,0,拼图,
3540803009534513,zh7tiE0mt,阳光，从未如此觉得那么的珍贵，终于冲破了数日的雾霾，铺洒帝都北京城。让糟糕的心情，生病的身体，得到了康复。原来生活可以如此美好，生命可以如此辉煌，只因有你，免费的阳光！早安！北京！早安！大家！ ,https://ww1.sinaimg.cn/large/5330fdf3jw1e1dkpwtzr6j.jpg,,,2013-02-01,Weico.iPhone,0,2,0,,
3540179585194629,zgRfMlNml,终于还是被帝都的污染打败，细菌性感冒，吊水吧，许多工作还在等着完成！  # Weico拼图 # ,https://ww4.sinaimg.cn/large/5330fdf3jw1e1bl4bwpx2j.jpg,,,2013-01-30,Weico.iPhone,0,10,4, Weico拼图 ,
3538508641642988,zg9MI6TpO,我是歌手 感情牌！黄琪珊依然很震撼！羽泉打动内心！黄贯中离场感伤！  # Weico＋ # ,https://ww2.sinaimg.cn/large/5330fdf3jw1e1697qvdavj.jpg,,,2013-01-26,Weico.iPhone,0,0,0, Weico＋ ,
3538035096033803,zfXsVpjFp,戴眼镜的萨摩，好帅！ ,https://ww2.sinaimg.cn/large/5330fdf3jw1e14qtuh2wdj.jpg,,,2013-01-24,Weico.iPhone,0,2,3,,
3536823118357734,zfrW7z4ea,大喜易失言，大怒易失礼，大惊易失态，大哀易失颜，大乐易失察，大惧易失节，大思易失爱，大醉易失德，大话易失信，大欲易失命。——人生十鉴 （转） ,https://ww2.sinaimg.cn/large/5330fdf3jw1e10vmw1u13j.jpg,,,2013-01-21,Weico.iPhone,0,3,2,,
3536503650944445,zfjCR3XGZ,下雪天，自制湖南炒米粉， 一招辣，食天下！炒米粉，辣出汗！爽！ # Weico拼图 # ,https://ww4.sinaimg.cn/large/5330fdf3jw1e0zuy1310hj.jpg,,,2013-01-20,Weico.iPhone,0,1,0, Weico拼图 ,
3535959385429320,zf5t0mMpG,#我是歌手#个个都是高手中的高手！很精彩！很棒！喜欢黄琦珊、喜欢沙宝亮、喜欢黄贯中、喜欢陈明、喜欢羽泉、喜欢齐秦、喜欢尚雯洁，湖南卫视这个冬天的大作开场咯！用心做的节目！ ,https://ww3.sinaimg.cn/large/5330fdf3jw1e0y4fqtnb7j.jpg,,,2013-01-18,Weico.iPhone,0,1,0,我是歌手,
3535565968189789,zeVesymxn,cctv1播出的中华之光—传播中华文化年度人物”获奖者：向世界推广昆曲的白先勇、中美民间大使陈香梅、陈式太极拳掌门人陈小旺、国学大师杜维明、泰国著名侨领梁冰、诺奖获得者莫言、青年钢琴家郎朗、篮球巨星姚明、曾繁兴和孔子学院总部1个集体。让我们看到了中华文明的希望之光！# Weico拼图 # ,https://ww4.sinaimg.cn/large/5330fdf3jw1e0wv94qfgtj.jpg,,,2013-01-17,Weico.iPhone,0,5,5, Weico拼图 ,
3535179236338357,zeLaHqATz,下午开车去新浪会亲人，路过志新桥，一车自燃，堵车一小时，大家开车小心。 ,https://ww1.sinaimg.cn/large/5330fdf3jw1e0vmu6nkw8j.jpg,,,2013-01-16,Weico.iPhone,0,5,0,,
3534156346680539,zekySs1UD,又一次感动了，饱含热泪看完cctv＂寻找最美乡村医生＂晚会，是什么样的力量让他们可以为拯救一个个灿烂的生命而扎根穷山僻壤，是什么样的力量让他们为另一个生命的灿烂而赴汤蹈火？！是医之仁心，是生命间的真正尊重，是最真挚的信任与关爱！大爱无疆！大爱永恒！[爱心] ,https://ww3.sinaimg.cn/large/5330fdf3jw1e0sdczsz2gj.jpg,,,2013-01-13,Weico.iPhone,1,3,23,,
3533017840432991,zdQWA1ODJ,今天听到一个噩耗，大学的一个同学患直肠癌去世了，他都没来得及步入2013年，才30岁，太年轻了，一天的心情都很压抑，很难过，作为同学，我们都来不及见他最后一面，都来不及送他。遗憾！遗憾！遥祝一路走好，天堂幸福！ ,https://ww4.sinaimg.cn/large/5330fdf3jw1e0oqlswff2j.jpg,,,2013-01-10,Weico.iPhone,0,4,4,,
3532505292037346,zdDBT8y0q,萌眼看世界，各位早安！ ,https://ww1.sinaimg.cn/large/5330fdf3jw1e0n3qneyqrj.jpg,,,2013-01-09,Weico.iPhone,0,0,0,,
3530674700635892,zcRZk2Fqk,2013，1，4新年的第一个工作日，为爱而生！  # Weico＋ # ,https://ww1.sinaimg.cn/large/5330fdf3jw1e0h9hzs0hoj.jpg,,,2013-01-04,Weico.iPhone,0,0,2, Weico＋ ,
3530390629122052,zcKB8Ch3S,北京卫视科教频道正在播出老妈 @彭玉 专访， 二姐@赵珈琪 为你解读老妈的幸福生活。 ,https://ww2.sinaimg.cn/large/5330fdf3jw1e0gcvgx9yoj.jpg,,,2013-01-03,Weico.iPhone,0,0,0,,"彭玉,赵珈琪"
3529450655853857,zcm93oyR3,新年到了，对所有的朋友，家人说声：新年快乐！  # Weico拼图 # ,https://ww3.sinaimg.cn/large/5330fdf3jw1e0dcx3wg19j.jpg,,,2013-01-01,Weico.iPhone,0,2,0, Weico拼图 ,
3529266232717275,zchlBboT1,2012年12月31日，世界末日的最后工作日，在攻破预言的证实下平稳度过，冬日阳光即将迎接新的一年。感谢这一年里＂家人们＂团结一心。以勤补拙，再战新年！@彭玉 @严敏求 @兰花花李明启 @方子春 @赵珈琪 @徐幸x @演员李洪涛 @演员涓子 @赵擎 @郑心潼 @演员王一珺 @林继东 @沈陶然STR @洪天照 ,https://ww2.sinaimg.cn/large/5330fdf3jw1e0crlntmmnj.jpg,,,2012-12-31,360安全浏览器,0,3,12,,"彭玉,严敏求,兰花花李明启,方子春,赵珈琪,徐幸x,演员李洪涛,演员涓子,赵擎,郑心潼,演员王一珺,林继东,沈陶然STR,洪天照"
3528341170412592,zbThz1JkI,快过年了，老妈每天都从外面拎东西回家，还不时吩咐老爸去超市，几乎闲置的冰箱又塞满了。接下来几天，老妈拿一本子，时不时在上面记着什么。这天，儿子终于来电：妈，我跟同学出去旅游，过年不回家了。老妈没说话，手里的本子掉在地上，老爸捡起来，上面记满了儿子喜欢吃的菜。过年记得回家看看。 ,https://ww4.sinaimg.cn/large/5330fdf3jw1e09thwo2qdj.jpg,,,2012-12-28,Weico.iPhone,0,5,9,,
