id,bid,正文,原始图片url,视频url,位置,日期,工具,点赞数,评论数,转发数,话题,@用户
4457358119541523,Io495E2bx,怎么这么讨厌肖战啊！微博一打开哪哪都是他，哪长得好看了？他的舔狗别来我微博下面评论，都滚！我就是无脑黑！ ,,,,2020-01-05,iPhone,4,3,0,,
4453016248152188,Imfc4ycKU,喜大普奔！○( ＾皿＾)っHiahiahia…我在吴费曼超话等级达到LV.9，获得忠实粉丝头衔，快来 吴费曼超话夸我优秀！ ,,,,2019-12-24,超话,0,0,0,,
4451228333269797,IluGldICF,#cpa成绩#种猪蟹有本事开微博啊，看你儿女们的口水会不会淹没评论区 长治·襄垣县 ,,,长治·襄垣县,2019-12-19,iPhone,9,2,0,cpa成绩,
4449436874981248,IkK4TkTQI,我：我是你的口味体验官凡凡：你是我的吞金兽我：嘻嘻嘻 长治·襄垣县 ,https://wx1.sinaimg.cn/large/8c2c5edfly1g9wbuencxxj21400u01kx.jpg,,长治·襄垣县,2019-12-14,iPhone,2,0,0,,
4449070535640724,IkAy1nFpq,综声代，我热爱！2019年度人气导师/队长由你决定！快和我一起为@鎮宇DD的豬頭俱樂部 加持助力吧，观看更多精彩内容进入#微博综艺大赏#话题页，更多活动资讯关注@微博综艺  【戳链接即可参与投票！】 综声代，我热爱 ,,,,2019-12-13,iPhone,0,0,0,微博综艺大赏,"鎮宇DD的豬頭俱樂部,微博综艺"
4449070384711227,IkAxMjLBx,综声代，我热爱！2019年度人气导师/队长由你决定！快和我一起为@鎮宇DD的豬頭俱樂部 加持助力吧，观看更多精彩内容进入#微博综艺大赏#话题页，更多活动资讯关注@微博综艺  【戳链接即可参与投票！】综声代，我热爱 ,,,,2019-12-13,台网话题,0,0,0,微博综艺大赏,"鎮宇DD的豬頭俱樂部,微博综艺"
4448640481736345,Ikpmo7hHz,#cpa成绩#莫非是中注协粑粑买了热搜？所以是出还是不出呢？ ,,,,2019-12-12,iPhone,1,0,0,cpa成绩,
4448640216973990,IkplXtgfI,#cpa成绩#什么情况？终于要出来了？ ,,,,2019-12-12,iPhone,0,0,0,cpa成绩,
4446580331007573,IjxLz4e7b,#尖叫之夜#感觉朱丹还是在家带孩子比较好，说话没脑子吗？ ,,,,2019-12-06,iPhone,3,0,0,尖叫之夜,
4444395564398994,IiCVKisnw,#最讨厌对象怎样称呼你#胖子去💩吧 ,,,,2019-11-30,iPhone,0,0,0,最讨厌对象怎样称呼你,
4442210227087982,IhI50tJUi,#国考#累死我了，早上六点多起，风尘仆仆从北四环来到南五环，坐了一天小板凳的我腰疼死了，手写废了，最后我还要坐25站地铁回学校，我天，omg这一天我是来人间渡劫的吗？那是不是明年能飞升上神了@乡村大凡凡 ,https://wx1.sinaimg.cn/large/b10c1bc2ly1g62vml7fonj202i02iq2p.jpg,,,2019-11-24,iPhone,8,5,0,国考,乡村大凡凡
4441746870189828,Ihw1F0NnK,#冒个泡# 最近好丧啊，呵呵，希望能触底反弹吧，加油，我是最胖的🙅 ,https://wx1.sinaimg.cn/large/8c2c5edfly1g97slzk357j20u0140hdt.jpg,,,2019-11-23,iPhone,1,2,0,冒个泡,
4439736229928054,IgFIGFEJU,#今日贴纸打卡# 今天立个flag，30天瘦五斤，称上见🙅🙅🙅 ,https://wx2.sinaimg.cn/large/8c2c5edfly1g91dqzibwnj20ku0rs17n.jpg,,,2019-11-17,iPhone,1,2,0,今日贴纸打卡,
4435781013936491,If0Pjgw3N,吴费曼超话 呦吼#宝宝的少女心##冒个泡# ,https://wx3.sinaimg.cn/large/8c2c5edfly1g8oriuloyyj20n01dstnq.jpg,,,2019-11-07,吴费曼超话,2,0,0,"宝宝的少女心,冒个泡",
4434228957397693,IemrZv2tD,#hi十一月# 每天都在为吃肉找借口 ,https://wx3.sinaimg.cn/large/8c2c5edfly1g8jt9aprqjj20n01dsawg.jpg,,,2019-11-02,iPhone,1,3,0,hi十一月,
4433901491372690,IedVP5L6a,#就业最看重什么#如果不是体制内的工作，那当然是向💰看👀 ,,,,2019-11-01,iPhone,0,0,0,就业最看重什么,
4433176119977052,IdV3RFRuc,#李小璐 PGone#牛逼牛逼，论不要脸全世界都输了，可怜甜馨了，希望她能健康成长，但是被这样一个妈妈带着，不同流合污难啊 ,,,,2019-10-30,iPhone,8,0,0,李小璐 PGone,
4431989656421663,IdqcdqWzd,#山西的面怎么这么好吃# 来到襄垣以后顿顿光盘行动 ,https://wx1.sinaimg.cn/large/8c2c5edfly1g8co2dtva1j20k00zk79o.jpg,,,2019-10-27,iPhone,1,3,0,山西的面怎么这么好吃,
4431935511900312,IdoMT7Ymc,吴费曼超话 梦见给曼哥抓了一个特别可爱的傻狍子娃娃，曼哥一脸开心的在亲娃娃，真幸福 ,https://wx4.sinaimg.cn/large/8c2c5edfly1g8chvgte0hj20qo0zktbx.jpg,,,2019-10-27,吴费曼超话,1,0,0,,
4430834792160131,IcW9x93WP,有人照顾的感觉真棒嘻嘻嘻 终于不是单身狗了 ,https://wx3.sinaimg.cn/large/8c2c5edfly1g88zfc651yj20n01dsn23.jpg,,,2019-10-24,iPhone,1,3,0,,
4430572862159429,IcPl493Lv,#李现三亚#可是他到了三亚还是东北人的天堂呀，照样安排搓澡 ,,,,2019-10-23,iPhone,40,12,0,李现三亚,
4429254685048814,Ich2Ylbqu,#决战cpa# 包过！包治百病！科科科 ,https://wx1.sinaimg.cn/large/8c2c5edfly1g83xwrp89xj20k00zk43o.jpg,,,2019-10-19,iPhone,2,0,0,决战cpa,
4429134253925446,IcdUJgtbE,#财管#有一种财管明年见的预感 ,,,,2019-10-19,iPhone,0,0,0,财管,
4428767751812157,Ic4nB7Bql,#中级会计成绩#据说下班后出成绩，所以财政部打算加班吗 ,,,,2019-10-18,iPhone,20,10,2,中级会计成绩,
4428382102416073,IbUlAa8wV,吴费曼超话 不知道是因为熬夜吃东西上火，还是因为长智齿，还是因为周末考试而焦虑。总之，牙好痛，痛的我吃不香睡不着，哎呀，哎呀呀，哎呀呀呀好痛 ,https://wx4.sinaimg.cn/large/8c2c5edfly1g815pjkjshj20qo0zktbx.jpg,,,2019-10-17,iPhone,0,0,0,,
4427088561793924,IbmHe7wGg,我在吴费曼超话等级达到LV.8，获得忠实粉丝头衔，小伙伴们快来加入吴费曼超话一起聊聊吧！吴费曼超话 ,,,,2019-10-14,超话,0,0,0,,
4427027337449964,Ibl6tvg4I,今天决定了一件大事！我小孩（男孩的话）名字就叫张费曼了嘻嘻，好听，真好听 ,https://wx3.sinaimg.cn/large/8c2c5edfly1g7wu4yvzhnj20u01pqzu5.jpg,,,2019-10-13,iPhone,0,3,0,,
4426955438948124,IbjevBxOA,哎...只想留下一声叹息 ,,,,2019-10-13,iPhone,0,0,0,,
4425428024095421,IaFuWhbpb,大清早的手机后盖就摔碎了！又要去狗带了 ,"https://wx2.sinaimg.cn/large/8c2c5edfly1g7rqgntipzj20u00u0wkf.jpg,https://wx1.sinaimg.cn/large/8c2c5edfly1g7rqgnimkyj206o06oaak.jpg",,,2019-10-09,iPhone,2,6,0,,
4424909356663603,Ias0nrXvt,吴费曼超话 今天我第一嘻嘻嘻 ,https://wx4.sinaimg.cn/large/8c2c5edfly1g7q2x6hd5vj20n01dshdt.jpg,,,2019-10-08,吴费曼超话,1,0,0,,
4424553290187072,IaiK50MFi,吴费曼超话 hello呀 ,"https://wx4.sinaimg.cn/large/8c2c5edfly1g7oy1dlnzfj20c809sq3z.jpg,https://wx4.sinaimg.cn/large/8c2c5edfly1g7oy1d4qk8j21ds0n0nph.jpg",,,2019-10-07,吴费曼超话,4,1,0,,
4423814454463232,I9ZwpiJ5C,活捉一只认真开车的凡凡，果然职业司机有凡凡的每一天都是开心的咔咔咔@乡村大凡凡 ,"https://wx1.sinaimg.cn/large/8c2c5edfly1g7ml4dkleyj22ps1j0npd.jpg,https://wx1.sinaimg.cn/large/8c2c5edfly1g7ml4mjx3fj22ps1j0npd.jpg,https://wx3.sinaimg.cn/large/8c2c5edfly1g7ml5ni5q4j23402c04qq.jpg,https://wx3.sinaimg.cn/large/8c2c5edfly1g7ml5yfw2fj22ps1j0e81.jpg,https://wx4.sinaimg.cn/large/8c2c5edfly1g7ml633vv0j22ps1j0kjl.jpg,https://wx1.sinaimg.cn/large/8c2c5edfly1g7ml6g446uj23402c0qrs.jpg",,,2019-10-04,iPhone,1,0,0,,乡村大凡凡
4423338128370598,I9N88z7zE,耶，今天我一个人吃辣锅哈哈哈嗝儿～👏👏👏 北京·公益西桥 ,https://wx4.sinaimg.cn/large/8c2c5edfly1g7l2gdiia9j21400u07en.jpg,,北京·公益西桥,2019-10-03,iPhone,0,2,0,,
4422623293116715,I9uxbd4NB,#北京欢迎你响起时#韩庚当年的颜！也太🉑️了吧！颜值巅峰有木有！ 微胖界的一枝独秀的微博视频 ,,"http://f.video.weibocdn.com/000mbIoXlx07xrUwtHcs010412004l4I0E010.mp4?label=mp4_720p&template=1556x720.24.0&trans_finger=3a98437b06ee9a5433eaf30fb06ab149&Expires=1578488183&ssig=y6WaGYjYY3&KID=unistore,video",,2019-10-01,iPhone,11,0,1,北京欢迎你响起时,
4422614199786896,I9uivF41a,#北京欢迎你响起时#那年我15岁，现在26岁了当年的mv不知看了多少遍 ,,,,2019-10-01,iPhone,11,0,0,北京欢迎你响起时,
4422605870372362,I9u551yRQ,#看阅兵式的我想去当兵#我已经想好了，让我儿子以后考军校 ,,,,2019-10-01,iPhone,3,0,0,看阅兵式的我想去当兵,
4421270529436670,I8VliDAUm,这个齐刘海剪的 真是装嫩界的一把好手，可可，状态不好，怎么调？狗带吧 ,https://wx4.sinaimg.cn/large/8c2c5edfly1g7egyr8j98j20u0190dop.jpg,,,2019-09-27,iPhone,0,0,0,,
4421121275293673,I8Rszmd7P,吴费曼超话#吴费曼0927生日快乐# 祝曼哥生日快乐！幸福永相随姐姐love u啦@Real吴费曼 ,https://wx3.sinaimg.cn/large/8c2c5edfly1g7dzu6g71wj21ao1aonpf.jpg,,,2019-09-27,吴费曼超话,3,0,0,吴费曼0927生日快乐,Real吴费曼
4420097315575568,I8qP1nosw,今天买了去长治的车票嘻嘻嘻😁马上要去过向往的生活啦👏👏👏坚持最后25天哝，幸福在向我招手 ,"https://wx1.sinaimg.cn/large/8c2c5edfly1g7aq8ikw8hj20c40923zf.jpg,https://wx1.sinaimg.cn/large/8c2c5edfly1g7aq9q06z0j20qn0qntak.jpg",,,2019-09-24,iPhone,1,0,0,,
4418533578893024,I7M8RBjtS,哈！开题顺利通过啦！一辈子再也不想写论文，没墨水的人就该逛吃逛吃心情美美哒人嘛，开心最重要咯还有，希望我不要被抽到中期，我是个话少的铝孩纸 ,https://wx1.sinaimg.cn/large/8c2c5edfly1g75qlr6sehj21f60ssq99.jpg,,,2019-09-20,iPhone,2,0,0,,
4416033995914223,I6J7hoOyH,#月满中秋# 一年又一年🥮年年岁岁，岁岁年年👏👏👏 ,https://wx3.sinaimg.cn/large/8c2c5edfly1g6xrkqdduaj20c80bttd5.jpg,,,2019-09-13,iPhone,1,0,0,月满中秋,
4414757098172973,I6bTLyia9,给凡凡新起了个名字，叫傻黑甜，很符合他独特的气质 ,https://wx1.sinaimg.cn/large/8c2c5edfly1g6toxx09ghj20u00u1dky.jpg,,,2019-09-09,iPhone,1,0,0,,
4413454251656907,I5E0p6X2j,我在吴费曼超话等级达到LV.7，获得活跃粉丝头衔，小伙伴们快来加入吴费曼超话一起聊聊吧！吴费曼超话 ,,,,2019-09-06,超话,0,0,0,,
4412566862431660,I5gV8acAk,吴费曼超话 没被曼哥翻过牌蓝过香菇 ,,,,2019-09-03,吴费曼超话,0,0,0,,
4412431696548177,I5dp7rttL,终于等到你 这个  难得的不用设闹钟的安静的有点小确幸的迎了一把游戏爽歪歪的明媚的有一点点燥热的开着空调的一个人的 午休时光猴赛雷啊,https://wx1.sinaimg.cn/large/8c2c5edfly1g6m9tvrjjfj20u01hcnpd.jpg,,,2019-09-03,iPhone,1,2,0,,
4412118915037823,I55gDl8zd,有点好看 北京·中国科学院大学中关村校区 ,"https://wx3.sinaimg.cn/large/8c2c5edfly1g6l9ybpi9pj22c0340u0x.jpg,https://wx3.sinaimg.cn/large/8c2c5edfly1g6l9ydrc00j22c0340qv5.jpg,https://wx3.sinaimg.cn/large/8c2c5edfly1g6l9yegs99j21hc0u07jh.jpg",,北京·中国科学院大学中关村校区,2019-09-02,iPhone,6,5,0,,
4409838135774735,I47VXoegT,吴费曼超话 吴妈周迅都演的好好啊是一部很好看的电影🙅🙅🙅但是为什么排片率不高呢另外北京很少有使徒行者粤语版的啊但是我现在都没得看愤怒的小鸟好看吗？ ,"https://wx1.sinaimg.cn/large/8c2c5edfly1g6dzz340qlj22c03407wh.jpg,https://wx4.sinaimg.cn/large/8c2c5edfly1g6dzz462oaj22c0340kda.jpg,https://wx3.sinaimg.cn/large/8c2c5edfly1g6dzz5l1koj22c0340h0p.jpg,https://wx1.sinaimg.cn/large/8c2c5edfly1g6dzz703t9j22c0340wwh.jpg,https://wx3.sinaimg.cn/large/8c2c5edfly1g6dzz83obcj22c0340dqx.jpg,https://wx1.sinaimg.cn/large/8c2c5edfly1g6dzz8ti9pj22c0340n86.jpg",,,2019-08-27,吴费曼超话,5,3,0,,
4407850669189797,I3iemCyGx,吴费曼超话 曼哥不发博的第n天，想他。他在忙什么呢？咱也不敢说，咱也不敢问啊 ,https://wx3.sinaimg.cn/large/8c2c5edfly1g67nrktd98j20u00u1ql8.jpg,,,2019-08-21,吴费曼超话,6,1,0,,
4407647190957941,I3cWb41cF,我在吴费曼超话等级达到LV.6，获得活跃粉丝头衔，小伙伴们快来加入吴费曼超话一起聊聊吧！吴费曼超话 ,,,,2019-08-21,超话,0,0,0,,
4406612863128470,I2M1Ud7Rc,吴费曼超话 哎，要走了，拜拜👋 ,,,,2019-08-18,吴费曼超话,0,2,0,,
4406224382444614,I2BVkafXg,吴费曼超话 明天就要回京了，淡淡的忧桑 ,https://wx2.sinaimg.cn/large/8c2c5edfly1g62gz3jeksj20u00u0wpv.jpg,,,2019-08-17,吴费曼超话,3,0,0,,
4405835066968875,I2rNoteVd,吴费曼超话 我们bb最擅长一本正经的胡说八道，有很真实的赶脚，爱了爱了👏👏👏 ,,,,2019-08-16,吴费曼超话,0,2,0,,
4405526366383622,I2jLuqMFE,吴费曼超话 又是给费曼刷数据的一天，bb在日本要玩得开心哦🥳要好好学使用标点符号哟🙅🙅🙅 ,,,,2019-08-15,吴费曼超话,1,0,0,,
4404887779103185,I239vCc9z,吴费曼超话 我们bb超爱国的！新时代优秀小盆友盖章@乡村大凡凡 你没我曼曼仔好看 ,"https://wx2.sinaimg.cn/large/8c2c5edfly1g5y7h5cui7j20ps1hcq8w.jpg,https://wx1.sinaimg.cn/large/8c2c5edfly1g5y7h4qlukj20hs0o142h.jpg",,,2019-08-13,吴费曼超话,1,0,0,,乡村大凡凡
4404592752574166,I1VtFaNEO,我在吴费曼超话等级达到LV.5，获得进阶粉丝头衔，小伙伴们快来加入吴费曼超话一起聊聊吧！吴费曼超话 ,,,,2019-08-12,超话,0,0,0,,
4404529447536229,I1TPyvCw5,吴费曼超话 曼哥又在微博调皮了哈哈哈，自拍好魔性，但是呢最重要是我喜欢😘 ,,,,2019-08-12,吴费曼超话,0,0,0,,
4404042787143669,I1HaCtYot,考注会人的幸福真简单 ,https://wx3.sinaimg.cn/large/8c2c5edfly1g5vif6un3gj20n01dsazk.jpg,,,2019-08-11,iPhone,1,0,0,,
4403846136623502,I1C3rrN4G,我在吴费曼超话等级达到LV.4，获得进阶粉丝头衔，小伙伴们快来加入吴费曼超话一起聊聊吧！吴费曼超话 ,,,,2019-08-10,超话,0,0,0,,
4403290366230748,I1nB2q8TW,吴费曼超话  ？倒是错了，好吧，再一次！曼哥，姐姐love you啦🙈🙈🙈 ,,,,2019-08-09,吴费曼超话,0,3,0,,
4403290185950475,I1nAKoXZp,吴费曼超话  1.希望曼哥一直开心快乐健康成长哦 ,,,,2019-08-09,吴费曼超话,1,0,0,,
4403289926301224,I1nAkqreE,吴费曼超话  2.从爸爸二一直陪你长大，好开心呢👏👏👏 ,,,,2019-08-09,吴费曼超话,1,0,0,,
4403289800082383,I1nA80lqL,吴费曼超话  3.我问Feynman喜不喜欢洛基，他没回答我 ,,,,2019-08-09,吴费曼超话,1,0,0,,
4403289678405497,I1nzVzgEx,吴费曼超话  4.最近天气好差，但不影响我对曼曼仔的爱 ,,,,2019-08-09,吴费曼超话,1,0,0,,
4403289522958389,I1nzGcpBX,吴费曼超话  还差五个嘛？奶奶粉拼了 ,,,,2019-08-09,吴费曼超话,1,0,0,,
4403289430539167,I1nzx2ggf,吴费曼超话  今天也要做一个努力的女子呢🙅🙅🙅 ,,,,2019-08-09,吴费曼超话,1,0,0,,
4403289300886389,I1nzk3IAB,吴费曼超话  曼哥和哪吒更配哦 ,"https://wx1.sinaimg.cn/large/8c2c5edfly1g5t3wc66mpj20qo0zkx6p.jpg,https://wx1.sinaimg.cn/large/8c2c5edfly1g5t3wcm1elj20j60j7jtb.jpg",,,2019-08-09,吴费曼超话,1,0,0,,
4403289162268545,I1nz69w9r,吴费曼超话  我想要当费曼超话主持人 ,,,,2019-08-09,吴费曼超话,1,0,0,,
4403116239893092,I1j4bFvE0,吴费曼超话#盛夏光影# 我们bb怎么能这么阔爱又美丽！没错，是美丽 ,https://wx4.sinaimg.cn/large/8c2c5edfly1g5sk0bhtayj20g40o6wli.jpg,,,2019-08-08,吴费曼超话,1,0,0,盛夏光影,
4402771845267513,I1a6Im6jT,#浪漫七夕# 这造型也太帅了吧！ ,https://wx1.sinaimg.cn/large/8c2c5edfly1g5rggnjacjj20jg10vams.jpg,,,2019-08-07,iPhone,0,0,0,浪漫七夕,
4400761536128742,I0jOhpImG,#V影像力##八月你好##就这一刻##电影哪吒之魔童降世# 从今天起这桌子归我了哈哈 黑河·北安市人民政府 ,https://wx2.sinaimg.cn/large/8c2c5edfly1g5l1l78e48j21hc0u01kx.jpg,,黑河·北安市人民政府,2019-08-02,iPhone,0,0,0,"V影像力,八月你好,就这一刻,电影哪吒之魔童降世",
4399897300587916,HFUMG2sWw,吴费曼超话 我粉了一个什么样的神仙男孩呀！自己po照片在群里，肯定是觉得我们这些奶奶粉太思念你啦，一瞬间心情都晴朗了☀️爱你乖乖仔 ,"https://wx1.sinaimg.cn/large/8c2c5edfly1g5ia9zj6gaj20u00u0tbo.jpg,https://wx3.sinaimg.cn/large/8c2c5edfly1g5iaa2lwr5j20qo0zkx6p.jpg,https://wx3.sinaimg.cn/large/8c2c5edfly1g5iaa5tv2zj20qo0zke82.jpg,https://wx2.sinaimg.cn/large/8c2c5edfly1g5ia9z109aj20zk0npdj9.jpg,https://wx4.sinaimg.cn/large/8c2c5edfly1g5iaa9k0saj20qo0zke82.jpg,https://wx4.sinaimg.cn/large/8c2c5edfly1g5iaa9ynj1j20j60j7jtb.jpg",,,2019-07-30,吴费曼超话,2,0,0,,
4398101621771624,HFa4q7qSA,#亲爱的热爱的# 大半夜的写作业？真是可怜死我了，一刷微博妈呀甜到我了！#吻住，我们能赢# ,"https://wx3.sinaimg.cn/large/8c2c5edfly1g5ck1ioh0fj21hc0u0qv5.jpg,https://wx4.sinaimg.cn/large/8c2c5edfly1g5ck2h4ukxg20qi0er7wo.gif,https://wx2.sinaimg.cn/large/8c2c5edfly1g5ck32u6k5g20e10exkjp.gif,https://wx4.sinaimg.cn/large/8c2c5edfly1g5ck1pohmzg20dc07i1kz.gif,https://wx1.sinaimg.cn/large/8c2c5edfly1g5ck33mdjmj20kt0kt0tw.jpg",,,2019-07-26,iPhone,0,2,0,"亲爱的热爱的,吻住，我们能赢",
4396597951462556,HEwX968tC,周杰伦超话 出来营业了，九零后大军正在赶来 ,,,,2019-07-21,周杰伦超话,0,3,0,,
4396597775095634,HEwWRlnBE,我关注了周杰伦超话，小伙伴们快来加入周杰伦超话一起聊聊吧~戳这里→ 周杰伦超话 ,,,,2019-07-21,超话,0,0,0,,
4389612270877364,HBBdV3Gf2,我觉得不论外面的声音多么嘈杂，最重要的还是要坚持自己的立场，做好自己，做更好的自己。但首先，你要找到自己，并且清楚认识你自己。#可爱一夏##宝宝的少女心##天气即天意# 北京·中关村 ,https://wx2.sinaimg.cn/large/8c2c5edfly1g4lh43mbfkj209q09qwfv.jpg,,北京·中关村,2019-07-02,iPhone,3,4,1,"可爱一夏,宝宝的少女心,天气即天意",
4387750419575211,HAOMVEaWT,头疼，肚子难受，哎希望期末赶紧结束，并且不能再胡吃海喝了，还是做一个安静的美男子比较好。calm down .calm down#宝宝的少女心# 北京·中科院青年公寓 ,https://wx1.sinaimg.cn/large/8c2c5edfly1g4fja5xg71j20zk0mkkb0.jpg,,北京·中科院青年公寓,2019-06-27,iPhone,0,1,1,宝宝的少女心,
4386059150006814,HA6N501LU,千與千尋  时隔16年又看了千与千寻，小时候第一次看应该是三年级在同学的家里，我俩放了光盘看，觉得好吓人，汤婆婆特别可怕，完全当作恐怖片看的，剧情也记不得了。隔了这么久再看，每一帧画面都清晰起来，我们需要一些温暖又强大的力量引领着我们。千寻和白龙分手前的牵手我哭了，不知道为什么，可能这就是爱的力量吧，祝我们都顾多拉卡,,,,2019-06-22,千與千尋超话,3,0,0,,
4386057199685449,HA6JVEDCV,我关注了千與千尋超话，小伙伴们快来加入千與千尋超话一起聊聊吧~戳这里→ 千與千尋超话 ,,,,2019-06-22,超话,0,0,0,,
4385369296305646,HzOQpqsnY,#说点儿什么好呢# 尼玛今天真是状态不好啊，肩膀疼，屁股疼，都比不过一颗狂躁的心，好吧，你打败我了！明早起来又是一条好汉。@乡村大凡凡 ,,,,2019-06-20,iPhone,1,0,0,说点儿什么好呢,乡村大凡凡
4382826642104743,HyKHm8Pxt,#说点儿什么好呢# 说到就要做到呀！加油，你是最胖的@乡村大凡凡 ,,,,2019-06-13,iPhone,1,0,0,说点儿什么好呢,乡村大凡凡
4381751788810771,HyiJIAY5d,备考CPA真的是一个艰难的过程难的不在考试而在坚持bb我需要你的加油@Real吴费曼 北京·中科院青年公寓 ,https://wx2.sinaimg.cn/large/8c2c5edfly1g3web7m23fj23402c0qv5.jpg,,北京·中科院青年公寓,2019-06-10,iPhone,4,1,0,,Real吴费曼
4380655493947049,HxQdvgyO5,吴费曼超话 自从加入费曼的粉丝群，我一天快乐的源泉都来自哪里哈哈哈，还能听到费曼的语音，我的天，满足了我这个老阿姨的少女心 ,,,,2019-06-07,吴费曼超话,4,0,0,,
4379603970153607,HxoRv0DXx,洛基超话 告诉自己，再饿也不要吃夜宵 北京·五道口 ,https://wx2.sinaimg.cn/large/8c2c5edfly1g3pjnoqo45j20k00bw3zt.jpg,,北京·五道口,2019-06-04,iPhone,0,0,0,,
4379217099421669,HxeNvDx0p,#就这一刻# 一枝独秀的一脸无辜🥺 ,https://wx2.sinaimg.cn/large/8c2c5edfly1g3ob8fjt6ej20u01404qp.jpg,,,2019-06-03,iPhone,0,0,0,就这一刻,
4377652917934689,HwA6DxiaR,洛基超话#夏季物语##宝宝的少女心# 虽然没为洛基做过什么事情，但是能把他画下来真的是超级超级超级开心啊！ 北京·中国科学院大学中关村校区 ,https://wx4.sinaimg.cn/large/8c2c5edfly1g3jbkd0hl9j20u0140wkl.jpg,,北京·中国科学院大学中关村校区,2019-05-30,iPhone,0,2,0,"夏季物语,宝宝的少女心",
4377563931206134,HwxN753LM,#你婚礼最想请哪位歌手出席#当然是Jolin和Jay！别无他选！#天气即天意#洛基超话 ,https://wx2.sinaimg.cn/large/8c2c5edfly1g3j1dpxduwj20hs0hndh3.jpg,,,2019-05-30,iPhone,1,1,0,"你婚礼最想请哪位歌手出席,天气即天意",
4369277157440756,Ht4dlvdGc,#复联4来了# 你是初代复联里的谁？经过神秘测试，你与钢铁侠的相似度最高！没有特异功能，没有变异体质，以血肉之躯，承钢铁之心，每一次穿上铁甲只为守护地球和所爱的人。I am Iron Man 娱乐日爆社的微博视频 一起来参与测试>>一键测试你是初代复联里的谁？ ,,"http://f.us.sinaimg.cn/002U91ETlx07tkCx6DKU01041202rsdN0E010.mp4?label=mp4_720p&template=1280x720.23.0&Expires=1578488258&ssig=FJPP8lHfNN&KID=unistore,video",,2019-05-07,其他综合 · 视频社区,0,0,0,复联4来了,
4368309476997769,HsF2ztmrf,我关注了TomHiddleston超话，小伙伴们快来加入TomHiddleston超话一起聊聊吧~戳这里→ TomHiddleston超话 ,,,,2019-05-04,超话,0,0,0,,
4367263294873738,HsdPbkrSG,洛基超话 我觉得要是在中国找演员演洛洛的话，只能想到厂花陈坤了 ,,,,2019-05-01,洛基超话,7,4,0,,
4366423721724614,HrRZ27eEm,#微博头像挂件# 嗨！给我来个小狐狸！我正在使用“小狐狸” 会员专属头像挂件，你也来试试吧！ 头像挂件：小狐狸 ,,,,2019-04-29,微博会员中心,0,0,0,微博头像挂件,
4365342224790575,HrpQGk6fl,#微博个性皮肤# 的彩蛋被我发现啦！我刚刚通过会员特权领取了#复仇者联盟4:终局之战# #粉丝认证号# No.1068372 ，使用皮肤就能领取粉丝认证号呦！官方盖章你值得拥有！个性皮肤：复仇者联盟4 ,https://wx1.sinaimg.cn/large/8c2c5edfly1g2g1qo91agj20tc0nck40.jpg,,,2019-04-26,微博会员中心,0,0,0,"微博个性皮肤,复仇者联盟4:终局之战,粉丝认证号",
4365342169449004,HrpQADE7i,不惜一切代价，只为逆转无限。我正在使用“复仇者联盟4:终局之战”#微博个性皮肤#，快来集结，一同迎接终局之战！个性皮肤：复仇者联盟4 ,,,,2019-04-26,微博会员中心,0,0,0,微博个性皮肤,
4362428500409003,Hqc381IoP,@乡村大凡凡 大凡凡妥妥的山竹男 ,"https://wx4.sinaimg.cn/large/8c2c5edfly1g26r3k7nfnj20u0140amr.jpg,https://wx1.sinaimg.cn/large/8c2c5edfly1g26r2pkr89j20n00qmwhn.jpg",,,2019-04-18,iPhone,1,4,0,,乡村大凡凡
4361353718076988,HpK5BxTc0,#春韵##宝宝的少女心# 这个绿色我喜欢💕 北京·中国科学院大学中关村校区 ,https://wx1.sinaimg.cn/large/8c2c5edfly1g23bn9awmej20u0140npd.jpg,,北京·中国科学院大学中关村校区,2019-04-15,iPhone,0,1,0,"春韵,宝宝的少女心",
4357867043706581,HohnWfyfz,大概放假就是不想动，看不进书，有交流障碍，靠综艺续命，无所事事的状态吧，明天希望能变好点 ,,,,2019-04-05,iPhone,0,0,0,,
4353135457377335,HmiiluXbh,#哪一刻觉得学英语真的有用#当然是英语考试的时候#冒个泡# 北京·中科院青年公寓 ,https://wx2.sinaimg.cn/large/8c2c5edfly1g1d3t9z63qj20ks0jw137.jpg,,北京·中科院青年公寓,2019-03-23,iPhone,4,0,0,"哪一刻觉得学英语真的有用,冒个泡",
4350538022385431,HlcIWa0yH,#宝宝的少女心##遇见早春# 简直人间美味啊！！！ 运城 ,https://wx3.sinaimg.cn/large/8c2c5edfly1g14thpufc3j20rs0rs44i.jpg,,运城,2019-03-16,iPhone,3,3,0,"宝宝的少女心,遇见早春",
4349017863520067,Hkzb4eLJh,我在 @Keep 完成了第 2 次的 塑形操 · 翘臀 Club 网页链接 ,,,,2019-03-12,iPhone,0,0,0,,Keep
4348652782430164,HkpGeaccc,分享图片 ,https://wx2.sinaimg.cn/large/8c2c5edfly1g0yszg0mgtj20ku0ku0ub.jpg,,,2019-03-11,iPhone,0,0,0,,
4341961848200638,HhBCoypmm,祝你生日快乐,,,,2019-02-21,生日动态,0,1,0,,
4331375072964403,HdacXcraX,忍不住吐槽！吃了史上最煎熬的一次海底捞，晚来了不说一句话，来了就开吃，是真能吃上啥菜吃啥，然后两个锅都不够涮筷子是吗？拿筷子一直在那扒拉！妈的，关键还是我们请客！what？我今天是不是日了狗了？犯贱吧找这帮人吃饭？ 北京·西西友谊写字楼 ,,,北京·西西友谊写字楼,2019-01-22,iPhone,0,7,0,,
4329234849499753,HcgwYDRjP,#今日贴纸打卡# 考试神马的，怕什么😯 北京·中国科学院大学中关村校区 ,https://wx4.sinaimg.cn/large/8c2c5edfly1fz8uunzftqj20yi1pcu0x.jpg,,北京·中国科学院大学中关村校区,2019-01-16,iPhone,0,1,0,今日贴纸打卡,
4326280478790788,Hb1FRASSU,不开心 ,,,,2019-01-08,iPhone,0,2,0,,
4325024330575563,HauZP2pJh,不能再懒了，今晚要去健身啦[加油] ,,,,2019-01-05,iPhone,2,2,0,,
4316867755740856,H74O3o5ss,#圣诞季# 果然我比较适合做一个安静的美男子 ,https://wx3.sinaimg.cn/large/8c2c5edfly1fy5eimh1wuj20yi0yi7wh.jpg,,,2018-12-13,iPhone,2,2,0,圣诞季,
4315449762339739,H6tUY9OFJ,#就这一刻# 今晚吃的不错就是有点冷 ,https://wx3.sinaimg.cn/large/8c2c5edfly1fy0vncwjosj20yi0pwhdt.jpg,,,2018-12-09,iPhone,1,1,0,就这一刻,
4314298011036303,H5ZXj4lAz,#你是什么卡通人物#我竟然是夜礼服假面nei 北京·益辰欣园 ,https://wx2.sinaimg.cn/large/8c2c5edfly1fxx7e5hqq4j20yi1pc7wh.jpg,,北京·益辰欣园,2018-12-06,iPhone,2,0,0,你是什么卡通人物,
4311810532182407,H4Xff99K7,#照片不寂寞# 不寂寞不寂寞，纪念第一次的独自五公里，越跑越轻松咔咔咔 ,"https://wx3.sinaimg.cn/large/8c2c5edfly1fxp9nok9joj20yi1pctg3.jpg,https://wx3.sinaimg.cn/large/8c2c5edfly1fxp9ou4gkhj20k00zkb0n.jpg",,,2018-11-29,iPhone,2,2,0,照片不寂寞,
4310997235660191,H4C5tnKtp,#老公生成器@乡村大凡凡 北京·北京航空航天大学学院路校区 ,https://wx2.sinaimg.cn/large/8c2c5edfly1fxmoallpqgj20yi1pcne8.jpg,,北京·北京航空航天大学学院路校区,2018-11-27,iPhone,2,0,0,,乡村大凡凡
4310047355794340,H4dnpojn6,不禁感慨，本宝宝竟然能写作业写到这么晚了；不禁感慨，本宝宝竟然能凭一个面包就度过漫漫长夜；不禁感激，本宝宝的煎饼果子至少要等四个小时才能吃到最后！本宝宝明天要继续跑步🏃♀️🏃♀️🏃♀️ 北京 ,https://wx3.sinaimg.cn/large/8c2c5edfly1fxjn43nizoj20ku112agf.jpg,,北京,2018-11-25,iPhone,1,1,0,,
4308468783951920,H3yjkgA4E,#萌萌红脸蛋# 以后知道该叫我啥了吧哈哈哈 ,https://wx2.sinaimg.cn/large/8c2c5edfly1fxelwkmve4j20k00zk1hs.jpg,,,2018-11-20,iPhone,2,1,0,萌萌红脸蛋,
4300582028407775,H0f8Kzhfh,看来以后可能要常发微博了，不是抱怨作业多，而是找个地方唠叨几句吧，毕竟已经写了那么多字，这几个字算啥？哈哈😄可是效率真的不高啊，但是也蛮充实的不是吗？嗯，喜欢这种充实的生活。 北京·中国科学院研究生院中关村园区 ,"https://wx3.sinaimg.cn/large/8c2c5edfly1fwpfz068f7j22io1w04qq.jpg,https://wx1.sinaimg.cn/large/8c2c5edfly1fwpfyzevrpj20k00zk433.jpg",,北京·中国科学院研究生院中关村园区,2018-10-29,iPhone,1,2,0,,
4296595681391145,GEwTu5PTP,再喝酒就扑街吧您nei ,"https://wx4.sinaimg.cn/large/8c2c5edfly1fwcqaxlptgj20ku0rsjv2.jpg,https://wx2.sinaimg.cn/large/8c2c5edfly1fwcqb512bsj20ku0rqadq.jpg",,,2018-10-18,iPhone,1,2,0,,
4290075514162696,GBNh5hsUg,宝宝的少女心超话 今天有好好写作业哦 秦皇岛 ,"https://wx3.sinaimg.cn/large/8c2c5edfly1fvrxgi10q1j20k00zke6k.jpg,https://wx1.sinaimg.cn/large/8c2c5edfly1fvrxgilmc6j20k00zkwx6.jpg",,秦皇岛,2018-09-30,iPhone,0,6,0,,
4278641913124056,GwZPNd6I0,#阴阳师手游#鬼灯之卷，彼世降临，阴阳师×鬼灯的冷彻联动开启！绝版限定SSR鬼灯登陆平安京！ ,https://wx3.sinaimg.cn/large/8c2c5edfly1furgciymosj21200le45w.jpg,,,2018-08-30,iPhone,0,0,0,阴阳师手游,
4276940002871695,GwhyMc33F,#袁春望为什么还不下线#袁春旺这个狗奴才为什么还不下线？贱人贱人贱人！听到他说话就想骂街。还有喜塔腊死的太太容易了吧，起码纯妃的死法给她来一个啊，喜塔腊你起来再死一次！ ,,,,2018-08-25,iPhone,1,1,0,袁春望为什么还不下线,
4262547135962679,Gqf8tp1af,#阴阳师手游# 穿越时空，共赴花火之约！阴阳师×犬夜叉联动开启！绝版限定SSR犬夜叉、杀生丸降临平安京！ ,https://wx3.sinaimg.cn/large/8c2c5edfly1ftc3vy1gozj20zk0jqgtv.jpg,,,2018-07-16,iPhone,0,0,0,阴阳师手游,
4260372984104156,GpkzMhdG4,看到这突然产生一个疑问，历代君主不知哪位是天秤座？那么他在一起决定来会不会很难？那个朝代是不是很快灭亡了？若是案例多的话，两者之间的联系或许真有道理，那么星座或许也不是无稽之谈啊 ,https://wx1.sinaimg.cn/large/8c2c5edfly1ft5637wlqij20qo1bftcy.jpg,,,2018-07-10,iPhone,0,1,0,,
4240940866451566,Ghb3Er4lw,颜值高演技好，我的爱豆了解一下吗？#微博电影之夜最佳演员#活动中，我心目中的最佳演员就是@刘昊然turbo ，快来点击链接微博电影之夜最佳演员来和我一起支持他吧！ ,,,,2018-05-18,微博电影,1,0,0,微博电影之夜最佳演员,刘昊然turbo
4240940614492606,Ghb3fiQJo,我在#微博电影之夜最佳演员#活动中为@周冬雨 献上了宝贵一票！点击链接微博电影之夜最佳演员加入我，一起为好演员们疯狂“打电话”吧！ ,,,,2018-05-18,微博电影,0,0,0,微博电影之夜最佳演员,周冬雨
4236033719556015,Gf7oTE5Xh,为广大网友的智商捉急，不看不知道，一看吓一跳，这么多智障，领教领教🙅🙅🙅 ,,,,2018-05-04,iPhone,1,0,0,,
4234866847562243,GeD2QvJhF,#远大前程# 远大前程就这样草草结尾了？不要怪各位主创们，湖南卫视果然势力，剪的乱七八糟，一个呵呵送给你自己体会@湖南卫视 良心说，剧里的每一个人物都很有韵味，群像声色。一个临近硝烟年代的上海滩被戏剧化的搬上舞台，展现给大家一个别开生面，有情有义，尔虞我诈，半真半假的旧上海。看了一些剧评，有的诋毁陈思诚本人顺带着诋毁这部剧，有的说它太虚不真实剧情无脑哄骗观众，有的也连连叫好，总之褒贬不一，但我喜欢一个剧评里的一句“一个作品，能够引起不同角度、纬度的思想碰撞，甚至相互对立的评论，正是证明了这个作品的成功。起码，它是有很多人关注的。我们跟着剧走了，就证明了作品和演员的成功。里面的人物我大多都喜欢，冲动狠辣的张万霖有那么点点可爱啊，哈哈着重强调一下。但是，但是才是重点对吗，最后几集虽然别某果卫视剪的七零八碎，可是前面各种江湖闯荡的奇闻逸事，豪情壮志，乐趣情趣，生生死死，难道都只为那梁兴义一个人的苟活吗？看了这么多集，着实没见梁兴义有什么太大的作为，每天只会在那动嘴皮子煽风点火，鼓动别人，让千千万万来自工会，斧头帮，车夫会，漕帮的弟兄们就为了这一个没用的老头去牺牲？甚至还搭上了我最最最最爱的沈教头的命，what？你们在干嘛？我当然知道，要给大家表现一下家国大义是吧？这时，我想起了我们要培养和锻炼自己的批判性思维，我知道当下作品要么无脑一点脑子都不要动，要么向某dang宣誓我生生世世誓死追随你才能在广电大佬的灼灼审视下被播出，嗯，我当然知道。所以，演了这么多，还是要给我们洗脑咯这又想让我开始批判教育体制了，好吧，算了，比起写“不健康”的长篇大论，我应该适可而止，是的，我很聪明的。see ya，不过，谢谢nong@演员赵立新 @陈思诚,,,,2018-05-01,iPhone,2,7,0,远大前程,"湖南卫视,演员赵立新,陈思诚"
4234139899706715,Gek8lEJ9V,想问 这年代去哪看真news？天天被洗脑，我还偏不信🤨 ,,,,2018-04-29,iPhone,0,1,0,,
4209684892439158,G43WNaexg,祝你生日快乐,,,,2018-02-21,生日动态,0,0,0,,
4201662958199192,G0HgbyoZ2,我蛙只和蝴蝶拍照，来家里串门的也只有蜗牛，跟我们凡凡一样，是个钟情的人啊哈哈 ,https://wx3.sinaimg.cn/large/8c2c5edfly1fnxvdzeub6j20qo1bftcr.jpg,,,2018-01-29,iPhone,0,0,0,,
4195793689235467,FEc1WCKz9,可以说是射手的胜利了 北京·火星园 ,https://wx3.sinaimg.cn/large/8c2c5edfly1fnf5ceyza0j21bf0qo13b.jpg,,北京·火星园,2018-01-13,iPhone,0,0,0,,
4186412657749095,FAfZfwvTp,记忆是思考的残留 input and output 看来人们真的应该换换脑子了#MerryChristmas# ,https://wx3.sinaimg.cn/large/8c2c5edfly1fml7ynoa91j20qo0zktfl.jpg,,,2017-12-18,,0,2,0,MerryChristmas,
4185555589524282,FzTGSDXHs,已经到了一个没脸素颜的年纪 ,,,,2017-12-16,,1,12,0,,
4179865836020876,FxvFRpgiU,#爸爸去哪儿5# 爸爸去哪儿这一季又要结束了，倒数第二集已经看的我泪流满面，估计下一集要泪崩。这一季每个小孩子都那么天真可爱真实，爸爸们也都是高素质高情商。其实一切都在温暖时光中欢乐流淌，直到杜江读到那首诗，那首诗好真实，好像不是诗，而是一个叙述，人生从小到大的样子就那样勾勒出来了，但又好细腻，每一个时期的不同情感，都很自然的流露。之后，陈小春唱了独家记忆，好温馨好感动。很喜欢爸爸去哪儿陪我们度过五年了，自己一直是一个喜欢小孩子的人，也很庆幸自己还能保持一颗童心，其实这就跟我一直那么爱harry potter一样，我一直隔一段时间就要再翻翻看，大人们可能不会发现，最大的勇气，最专注的精神，最真挚的情感等等都是只有在小孩子的世界才能找到的。所以，我宁愿自己永远不要长大，好久没写过这么多话，好喜欢neinei，好喜欢Max，好喜欢嗯哼，好喜欢jasper，好喜欢小山竹，好喜欢小泡芙也很感谢@爸爸去哪儿 给我们带来这么暖心的节目🙅🙅🙅,"https://wx1.sinaimg.cn/large/8c2c5edfly1fm0c29n9bdj21bf0qoaej.jpg,https://wx3.sinaimg.cn/large/8c2c5edfly1fm0c2a6rxej21bf0qodk0.jpg,https://wx3.sinaimg.cn/large/8c2c5edfly1fm0c2hg6ihj21bf0qon1u.jpg,https://wx1.sinaimg.cn/large/8c2c5edfly1fm0c2i0do6j21bf0qojvm.jpg,https://wx1.sinaimg.cn/large/8c2c5edfly1fm0c2iq6r4j21bf0qo45e.jpg,https://wx3.sinaimg.cn/large/8c2c5edfly1fm0c2k125fj21bf0qodn7.jpg,https://wx3.sinaimg.cn/large/8c2c5edfly1fm0c29768lj21bf0qo7c3.jpg,https://wx4.sinaimg.cn/large/8c2c5edfly1fm0c2kywr5j21bf0qojwf.jpg,https://wx1.sinaimg.cn/large/8c2c5edfly1fm0c2ldsmkj21bf0qodlj.jpg",,,2017-11-30,,7,7,0,爸爸去哪儿5,爸爸去哪儿
4173273262337730,FuKaG9O9k,应该是最后一次在公司加班了，只有我一个人的下午，好冻鼻子定个位，再见👋👋👋#微博摄影大赛##大咖随手拍# 网页链接 ,"https://wx1.sinaimg.cn/large/8c2c5edfly1flfawxudnhj20yi0pwqae.jpg,https://wx1.sinaimg.cn/large/8c2c5edfly1flfaw9kso7j20k00zkjw2.jpg,https://wx1.sinaimg.cn/large/8c2c5edfly1flfawxi558j20qo0zk7cy.jpg",,,2017-11-12,,2,9,1,"微博摄影大赛,大咖随手拍",
4168141024620986,FsAESjo82,#study day#  @蓝色小象5 北京·爱琴海购物公园 ,https://wx3.sinaimg.cn/large/8c2c5edfly1fkyxhg7h38j20qo0zkgv2.jpg,,北京·爱琴海购物公园,2017-10-29,,2,0,0,study day,蓝色小象5
4167858785424298,FstjEmL6G,#花式比心# 大风天一路吃这灰自己逛嗨了，哈哈哈买了好几件衣服，现在为止还没后悔，还给凡凡买了个大秋裤，然后兴致勃勃地来到汗蒸馆一顿搓一顿蒸，现在躺在不知道多少度的汗蒸房里突然想到，今天是重阳节！哎妈呀！这不是@郭重阳是几个阳_o0 的生日吗！baby最近不常联系，我们都忙着自己的那摊事儿，但是我们永远知道对方心里有一块地方只属于彼此再次生日快乐🎂🎊🎈@郭重阳是几个阳_o0 北京·外馆斜街6号院,"https://wx3.sinaimg.cn/large/8c2c5edfly1fky0x38cb6j20qo0qojxe.jpg,https://wx1.sinaimg.cn/large/8c2c5edfly1fky12wnj3oj20qo1bfq8k.jpg",,北京·外馆斜街6号院,2017-10-28,,0,7,1,花式比心,"郭重阳是几个阳_o0,郭重阳是几个阳_o0"
4157599005849252,FoapCoxEM,好久没有素面朝天啦！ 长春 ,"https://wx3.sinaimg.cn/large/8c2c5edfly1fk1ar28pivj20k00zkjv1.jpg,https://wx3.sinaimg.cn/large/8c2c5edfly1fk1ar1vlgmj20k00zk436.jpg",,长春,2017-09-30,,1,2,0,,
4155253341788953,Fnboi7vo5,练完瑜伽身心愉悦🙅🙅🙅 ,,,,2017-09-23,,0,0,0,,
4148698440667517,FkqRS2NEp,#遮遮遮# 光盘行动进行中 北京·北京林业大学10号楼 ,https://wx3.sinaimg.cn/large/8c2c5edfly1fj8wj803rkj20qo0qoq80.jpg,,北京·北京林业大学10号楼,2017-09-05,,1,1,0,遮遮遮,
4147254807938089,FjPjqxj3H,仿佛人长大就是和每一个快乐单纯的自己say goodbye的过程。好想回到小时候，每天放学回家，爷爷会骑着电动车在后面默默为我保驾护航，路上和同学有说有笑，在家写完作业伴着夕阳在院子里你追我赶，之后爸爸妈妈回来一起吃饭看电视聊天，再之后进到屋子里开始享受新买的磁带慢慢进入梦乡，一切都是那么美好纯粹......可是不知道什么时候我收藏的塔罗牌不见了，视如珍宝的磁带不见了，小朋友们不见了，爸爸妈妈不见了，爷爷奶奶不见了，澄澈的天空和灿烂的夕阳不见了。那个快快乐乐纯净如水的我也不见了...这是一个真实又悲伤的故事#趣味文字# 我想这个短文就叫《想念》吧！,https://wx4.sinaimg.cn/large/8c2c5edfgy1fj4an83uarj20yi0jeaf5.jpg,,,2017-09-01,,2,3,0,趣味文字,
4146040892807135,FjjJvbMgn,补发一个的光盘行动，潮汕火锅吼吼ci啊！#探出小脑袋# ,"https://wx1.sinaimg.cn/large/8c2c5edfly1fj0fbtybelj20yi0pwwp3.jpg,https://wx3.sinaimg.cn/large/8c2c5edfly1fj0fa64qqmj20ku1120zk.jpg",,,2017-08-29,,2,0,0,探出小脑袋,
4144636874234594,FiJcXhLBU,#植物联萌# 星期五的下午，适合放松 北京·北京远望楼宾馆 ,https://wx2.sinaimg.cn/large/8c2c5edfly1fivy2ezqxkj20yi0jen3e.jpg,,北京·北京远望楼宾馆,2017-08-25,,1,2,0,植物联萌,
4143217118759953,Fi8h1AKRz,北京真的好无聊啊 ,,,,2017-08-21,搜狗高速浏览器,0,0,0,,
4137808023064865,FfRyGcRjj,#送你一朵小花##突然开心##遮遮遮#就说，多看书少吃肉不运动能不能瘦啊 北京·太阳宫 ,"https://wx4.sinaimg.cn/large/8c2c5edfgy1fia5rolcrhj20qo0zk0zc.jpg,https://wx2.sinaimg.cn/large/8c2c5edfgy1fia5rqlqxeg20ax0jge83.gif,https://wx4.sinaimg.cn/large/8c2c5edfgy1fia5rrx7cbj20k00zkgsi.jpg,https://wx2.sinaimg.cn/large/8c2c5edfgy1fia5slyhiuj20qo1bf432.jpg",,北京·太阳宫,2017-08-06,,1,10,0,"送你一朵小花,突然开心,遮遮遮",
4136318890476496,FfeOR1ZXq,#花式比心##送你一朵小花#真的没有事情需要担心、恐惧或害怕，不可预知的未来并不会因为你害怕而不去伤害你，也不会因为你信心满满而就去打击你，所以平常心最重要。其实人之所以与别人可以区别开来，最重要就是一个人的所思（心态）所想（智慧）。谢谢一年下来教会我不再害怕面对未知🙅keep moving！ 北京·上地社区,"https://wx3.sinaimg.cn/large/8c2c5edfly1fi5erubwcxj20qo0zk44t.jpg,https://wx2.sinaimg.cn/large/8c2c5edfly1fi5ervlc1gj20qo0zkn4u.jpg",,北京·上地社区,2017-08-02,,0,10,0,"花式比心,送你一朵小花",
4134430757322452,FerHtuIU4,来自最喜爱领导的关心，🐒嗨森🙅🙅🙅@水军AAA #宝宝的小情绪##春风十里不如吻你##荷包蛋蛋君# ,"https://wx1.sinaimg.cn/large/8c2c5edfly1fhzdx1mrvnj20qo0zkzs7.jpg,https://wx2.sinaimg.cn/large/8c2c5edfly1fhzdx3b09og20ax0jg7b2.gif,https://wx1.sinaimg.cn/large/8c2c5edfly1fhzdxa429yj20qo1bfjzp.jpg",,,2017-07-28,,1,0,0,"宝宝的小情绪,春风十里不如吻你,荷包蛋蛋君",水军AAA
4133066248795582,FdScEAU8e,不知道为什么，我竟然看着西安的经济分析，对着一大堆数据莫名的流下了眼泪💧。是我对西安爱的太深沉了么 ,https://wx3.sinaimg.cn/large/8c2c5edfly1fhv15dc5trj20qo0zk464.jpg,,,2017-07-24,,1,3,0,,
4131881811235578,Fdnoh5bqG,@北京交警 强烈建议采取罚款、创建文明档案等有效措施严加治理骑行逆行、开车逆行这些违反交通规则、严重影响行车安全的行为，还广大北京市民一个安全、有序、文明的生活环境和治安环境，发扬我们文明的北京精神。@北京交警 凯凯王作为我们北京的交通形象大使也要帮助我们传达心声呦@王凯kkw 北京,,,北京,2017-07-21,,2,0,0,,"北京交警,北京交警,王凯kkw"
4130921000799936,FcYoA3m6c,上班本来就是件很烦的事，今天尤其烦😡😡😡#今日贴纸打卡# ,https://wx4.sinaimg.cn/large/8c2c5edfly1fho6u2p1p8j20qo0zkdok.jpg,,,2017-07-18,,0,3,0,今日贴纸打卡,
4129797874941264,Fcvb5kJrO,#短发会上瘾# 本来来公司加班的，结果不小心打开了美颜相机 北京 ,"https://wx4.sinaimg.cn/large/8c2c5edfly1fhklu8099aj20k00zk0xw.jpg,https://wx3.sinaimg.cn/large/8c2c5edfly1fhklu7qkktj20k00zkn1m.jpg,https://wx2.sinaimg.cn/large/8c2c5edfly1fhklu8jkkuj20qo1bf45j.jpg,https://wx2.sinaimg.cn/large/8c2c5edfly1fhklu8shhyj20k00zkgqr.jpg",,北京,2017-07-15,短发会上瘾超话,0,5,0,短发会上瘾,
4129039393785611,FcbrJfSOf,记得余秋雨在《文化苦旅》里面写道：喀什是联系东方与西方的重地，也是中西方、世界各大文明交融交汇的要地，想了解各种文明的历史、融合和发展的求知者都应该来喀什观摩，我认为是真真正确的。可是现在为什么古老的文化重镇却在祖国的边陲自给自足，早已淡出了人们的视线，变成了一片人们理所当然认为的蛮夷之地？是我们不需要文化、历史了吗？我想说，如果不再有文明的印记，你的内心不会痛吗？@所有人,,,,2017-07-13,,3,1,0,,所有人
4127535026945090,Fbyjkt8JA,#我的会员报告# 嚯！6月会员报告说我是【潇洒的人气王】，明明可以靠脸吃饭，偏偏要靠才华!哟吼~本月【好运符】也被我抽到了呢~快来看看吧! 2017年06月微博会员报告 ,,,,2017-07-09,微博会员中心,0,0,0,我的会员报告,
4127278121665885,FbrCY6Zn7,大家都说“越努力，越幸运”。以前一点都不喜欢这样的话，全凭小聪明活到了今天这段时间的辛苦努力没有白费，得到了自己想要达到的结果不知不觉变成了一个鸡汤少女了呢哈哈哈。今天，美少女战士在汗水中度过了美好的半天，下半场走起！🙅🙅🙅 北京·欧美汇购物中心 ,"https://wx3.sinaimg.cn/large/8c2c5edfly1fhckd1qzh0j20ku0rsmzt.jpg,https://wx2.sinaimg.cn/large/8c2c5edfly1fhckd46f3cj20ku0rs0vg.jpg,https://wx1.sinaimg.cn/large/8c2c5edfly1fhckcztz2oj20ku0rsgps.jpg,https://wx2.sinaimg.cn/large/8c2c5edfly1fhckd7wwupj20rs0kun2q.jpg",,北京·欧美汇购物中心,2017-07-08,,5,14,0,,
4126471397691664,Fb6DNwgX6,#清晨说早安#同事都说我像新疆人 北京·安贞 ,https://wx3.sinaimg.cn/large/8c2c5edfly1fh9zrmua7yj20qo0zkwkk.jpg,,北京·安贞,2017-07-06,,2,10,0,清晨说早安,
4123563428150894,F9SZwycq2,#王者荣耀貂蝉# 帮我看看哪个好看？ 北京·奥体中心 ,"https://wx1.sinaimg.cn/large/8c2c5edfly1fh0ptsglw9j20p010cgs9.jpg,https://wx2.sinaimg.cn/large/8c2c5edfly1fh0ptug2f8j20p010cdmh.jpg,https://wx4.sinaimg.cn/large/8c2c5edfly1fh0ptv72yvj20p010c0ze.jpg,https://wx3.sinaimg.cn/large/8c2c5edfly1fh0pttp3vnj20p010cagp.jpg,https://wx3.sinaimg.cn/large/8c2c5edfly1fh0ptvxn8tj20p010cagp.jpg",,北京·奥体中心,2017-06-28,,1,5,0,王者荣耀貂蝉,
4121540074797322,F92m3k80a,那句话说得还真对，机会是留给有准备的人。加油吧，我希望自己是那个时刻准备好的人。🙅🙅🙅好喜欢这个表情哦🙅🙅🙅接下来的两个个月很关键呢🙅🙅🙅 ,,,,2017-06-22,,4,2,0,,
4118617144122069,F7OjEhikZ,一个青椒，一个土豆，一把红豆，一把薏米。哇，我做的饭终于变得好吃了 ,,,,2017-06-14,,0,0,0,,
4118576643868187,F7Ngkgei7,啥也不想干，累的只想放空自己。#毕业季不分离# 北京·安贞 ,https://wx4.sinaimg.cn/large/8c2c5edfly1fgkt3hc821j20qo1bfamd.jpg,,北京·安贞,2017-06-14,,1,0,0,毕业季不分离,
4115008600058148,F6irq0f7S,咖喱鸡饭配印度电影简直完美。二十多年来终于做了个像样的饭，感觉无比美妙[Hey][Hey]《我的个神啊》影片的前一小时各种色彩的画面，PK穿梭于三种宗教之间的种种经历和他遇到的一系列问题让我看着很快乐很搞笑。但是到了后面慢慢的主题开始深邃，观看的同时让我们反思也让我们开始重新审视信仰以及对待事物的固定思维。最后的最后当他与自称为神的联络者对峙的时刻，他的话沉着、坚定并且有力。真好的一部电影，我们每天都在看似满满的忙碌着，有没有时间真正去了解、思考自己感兴趣的事呢？阿米尔汗真的是一位伟大的演员，从他扮演的角色可以推出他一定也是个非常睿智可爱的人。一直都觉得印度是个有魅力的国家，很想去亲身感受下，时间挤一挤就会有的，钱想办法赚一赚也会有的！,"https://wx1.sinaimg.cn/large/8c2c5edfly1fg9fbepppxj20qo0zkgvj.jpg,https://wx2.sinaimg.cn/large/8c2c5edfly1fg9fbef89qj20id0rs0ws.jpg",,,2017-06-04,,0,7,0,,
4114182053317808,F5WWhdV72,我好厉害呀🙅🙅🙅 北京·北土城元大都城垣遗址公园 ,"https://wx4.sinaimg.cn/large/8c2c5edfly1fg6sdlic0lj20r40f6ju7.jpg,https://wx4.sinaimg.cn/large/8c2c5edfly1fg6sdwaznmj21bf0qoqd2.jpg",,北京·北土城元大都城垣遗址公园,2017-06-02,,0,4,0,,
4113070504407894,F5u1siuH4,过了这个假期，一直到十一都没有假了 ,,,,2017-05-30,,1,0,0,,
4110634146314117,F4sDQquAB,北五环这个点儿堵成💩啦 北京·清河 ,,,北京·清河,2017-05-23,,0,0,0,,
4108165358334390,F3qpVyY9E,我们的第一次爱心晚餐好好吃喔以后要尝试每一种料理每一种美味 北京·西坝河北里 ,"https://wx4.sinaimg.cn/large/8c2c5edfly1ffnldvkz9tj20zk0qodpv.jpg,https://wx3.sinaimg.cn/large/8c2c5edfly1ffnldv1h8vj20qo0zk7bj.jpg",,北京·西坝河北里,2017-05-16,,4,5,0,,
4106990483360261,F2VQYe69L,来延庆陪母亲大人拍拍照，过个母亲节🙅🙅🙅 北京·夏都公园 ,"https://wx4.sinaimg.cn/large/8c2c5edfly1ffjuezf1o5j21kw0fsqkh.jpg,https://wx1.sinaimg.cn/large/8c2c5edfly1ffjuf0a5yqj20zk0qok0c.jpg,https://wx1.sinaimg.cn/large/8c2c5edfly1ffjuf116kfj20qo0zkdmn.jpg,https://wx1.sinaimg.cn/large/8c2c5edfly1ffjuf1tf9jj20qo0zkah4.jpg",,北京·夏都公园,2017-05-13,,8,9,0,,
4105939247880417,F2uvqx43v,#hi五月#我的晚餐@蓝色小象5 @Theresa歌歌迅 ,https://wx2.sinaimg.cn/large/8c2c5edfly1ffghpxa5jbj20qo0zk7dp.jpg,,,2017-05-10,,2,2,0,hi五月,"蓝色小象5,Theresa歌歌迅"
4102978073641303,F1ftlfhgH,#探出小脑袋#卧槽！有生之年第一次坐宾利啊，感觉屁股抬不起来啦🙃@蓝色小象5  #鸡智如我# 杭州·西湖国际科技大厦 ,"https://wx3.sinaimg.cn/large/8c2c5edfly1ff71mi3wksj20qo0zk0zw.jpg,https://wx3.sinaimg.cn/large/8c2c5edfly1ff71mrxmwcj20qo0zkqa0.jpg",,杭州·西湖国际科技大厦,2017-05-02,,3,12,0,"探出小脑袋,鸡智如我",蓝色小象5
4102600628088134,F15EyxW5M,锻炼完一照镜子瞬间觉得自己变年轻了呢#hi五月# 北京·太阳宫 ,https://wx3.sinaimg.cn/large/8c2c5edfly1ff5ua7w4fxj20qo1bfdrm.jpg,,北京·太阳宫,2017-05-01,,2,1,0,hi五月,
4100916023786840,F0nPsfT84,干燥和湿润发生了摩擦，寒冷和温暖拔出了刀戟，马鞭和牛鞭甩在了一起，草场和庄稼展开了拉锯…… 冲突是另一种交融。 ,,,,2017-04-26,,1,2,0,,
4094327032069852,EDzSn8GsI,曾经的曾经。你好，明天。 北京·北京林业大学 ,https://wx4.sinaimg.cn/large/8c2c5edfly1fefg25x1x1j20qo1bfdjq.jpg,,北京·北京林业大学,2017-04-08,,1,2,0,,
4091865483259593,ECxQ8dFY5,这次没有住舅妈家，直接住了哥哥家，他和他对象早就收拾好把大床让我睡，他们俩挤在沙发上哥哥对我永远这么好，我永远八岁还有今天觉得他哪个对象对我都特别好，那么问题来了，是我人品太好还是我哥人品太好啦？🙅🙅🙅 秦皇岛 ,,,秦皇岛,2017-04-01,,0,2,0,,
4079848139394574,ExvdjDpXo,live with passion 北京·太阳星城 ,"https://wx4.sinaimg.cn/large/8c2c5edfly1fd5970y37lj20qo0zkwoz.jpg,https://wx2.sinaimg.cn/large/8c2c5edfly1fd59726mapj20qo1bftdq.jpg,https://wx2.sinaimg.cn/large/8c2c5edfly1fd59751fokj20qo0zkag6.jpg,https://wx3.sinaimg.cn/large/8c2c5edfly1fd5973rmy5j20qo0zk0zv.jpg",,北京·太阳星城,2017-02-27,,0,5,0,,
4079059266976602,ExaGWtgVQ,去错校区又怎样，我照样考上试啦，吼#生活如诗# 北京·首都经济贸易大学(朝阳北门) ,https://wx2.sinaimg.cn/large/8c2c5edfly1fd2qldpri7j20qo0zkdqa.jpg,,北京·首都经济贸易大学(朝阳北门),2017-02-25,,1,5,0,生活如诗,
4077412771842314,EwtRj7JgK,祝你生日快乐,,,,2017-02-21,生日动态,0,0,0,,
4077409869749255,EwtMCEUe3,也许我真的不需要睡觉了 ,,,,2017-02-21,,0,0,0,,
4077025184106716,EwjMahelm,你好，午夜时分请问哪里有卖宝剑刺我一把通畅 ,,,,2017-02-20,,1,4,0,,
4076685508299358,EwaWiyP2C,夜深人静的时候应是人们才思泉涌的最佳时机而我却偏偏想再这不长不短的一天中没有太阳照耀的时间里也把所有最肮脏的词语破口而出最好能有纸袋把它们包裹起来以便我一并砸向那个用她引以为傲的呼噜声让我失眠至此的人 福州·西湖公园 ,,,福州·西湖公园,2017-02-19,,0,9,0,,
4075843129002736,EvP1CBM1q,真心受不了那股浓浓的沈阳味儿！！！ 福州·马尾区 ,,,福州·马尾区,2017-02-16,,0,0,0,,
4075144727662009,EvwRaw9eN,满屏的小花灯和甜甜的小玫瑰花送给自己，情人节快乐，hello，is anyone there？@蓝色小象5 福州·鼓楼区 ,"https://wx3.sinaimg.cn/large/8c2c5edfly1fcq8yt4lrfj20qo0zk7am.jpg,https://wx1.sinaimg.cn/large/8c2c5edfly1fcq8yuw7y4j20zk0qon5a.jpg,https://wx2.sinaimg.cn/large/8c2c5edfly1fcq8yrmr15j20qo0zk12l.jpg",,福州·鼓楼区,2017-02-14,,1,3,0,,蓝色小象5
4072984333268693,EuCEFdIkR,今天终于有时间买了护肤品做了个面膜，没想到大南方感觉比我们北方还要干whatever 明天美美哒兰州走起，大西北我来啦🙅🙅🙅 武汉·同济学子苑 ,"https://wx2.sinaimg.cn/large/8c2c5edfgy1fcjctjpnotj20qo0zkte1.jpg,https://wx4.sinaimg.cn/large/8c2c5edfgy1fcjctiswnwj20qo0zk42v.jpg,https://wx3.sinaimg.cn/large/8c2c5edfgy1fcjctl2j6rj20qo0zk791.jpg",,武汉·同济学子苑,2017-02-08,,2,4,0,,
4072806532994066,Euy1TcyTo,邓老头，祝你5岁生日快乐啊🎊🎊🎊🎈🎈@邓超 @邓超 @邓超 @邓超 @邓超 武汉·江汉区 ,,,武汉·江汉区,2017-02-08,,1,0,0,,"邓超,邓超,邓超,邓超,邓超"
4071534660164227,Eu0Wu0GIP,分享图片 ,https://wx2.sinaimg.cn/large/8c2c5edfgy1fceqepplgrj20n0154ju9.jpg,,,2017-02-04,,2,2,0,,
4069594353970783,EtcsXgEYT,终于吃上了！最爱的麻辣烫🙃🙃🙃 北安市 ,https://wx1.sinaimg.cn/large/8c2c5edfly1fc8jjvxbtmj20qo0zkgvg.jpg,,北安市,2017-01-30,,2,3,0,,
4064699417027563,Er97TtubN,好久没一个人睡，莫名的兴奋中 无锡 ,https://wx2.sinaimg.cn/large/8c2c5edfly1fbsxe0uh19j20qo0zkq9y.jpg,,无锡,2017-01-17,,2,3,0,,
4061391062775827,EpL3QbE7p,蜜汁自信呀💎 ,https://wx3.sinaimg.cn/large/8c2c5edfly1fbidf79gwtj20qo1bfjzv.jpg,,,2017-01-07,,1,3,0,,
4059895995249305,Ep8arm1Ad,很费解为啥一碗汤能叫炒肝儿🙅原谅我第一次吃 北京·火星园 ,https://wx2.sinaimg.cn/large/8c2c5edfly1fbdlpfizpxj20qo0zkq9v.jpg,,北京·火星园,2017-01-03,,0,4,0,,
4059442946880151,EoWnIsRQb,霾光闪现 天津·天津火车站 ,https://wx2.sinaimg.cn/large/8c2c5edfly1fbc5ojad69j20zk0qo0wz.jpg,,天津·天津火车站,2017-01-02,,1,2,0,,
4059284662800227,EoSgqbKsX,感谢这日以继夜的三天，感谢这个第一次没有守在电视旁看跨年的元旦，感谢这个第一次不曾与家人朋友通电话的新年伊始，感谢爱我的人的理解与支持，感谢我自己。晚安⭐️🌙 天津 ,https://wx2.sinaimg.cn/large/8c2c5edfly1fbbndeyho7j20qo0zk7al.jpg,,天津,2017-01-02,,0,6,0,,
4054402010682083,EmPfb2Rrl,我忍住，我不哭@蓝色小象5 运城·运城关公机场 ,https://wx2.sinaimg.cn/large/8c2c5edfly1faw2qreo5sj20qo0qoq5u0.jpg,,运城·运城关公机场,2016-12-19,,3,11,0,,蓝色小象5
4053017805979640,EmfeAp5zO,好饿，来不及吃晚饭，希望一会又好吃的等着我@蓝色小象5 北京·首都机场T3航站楼 ,https://wx4.sinaimg.cn/large/8c2c5edfly1farnqgxt5aj20qo0zkgyf0.jpg,,北京·首都机场T3航站楼,2016-12-15,,2,10,0,,蓝色小象5
4052149300625053,ElSDM2CBv,#致十二月#今天的屏保真好看，美丽的雪景，有点想家啦🙅🙅🙅 北京·通联大厦 ,https://wx1.sinaimg.cn/large/8c2c5edfly1faow0jpdm9j20yi0pwdoq0.jpg,,北京·通联大厦,2016-12-13,,1,0,0,致十二月,
4051469952492340,ElAY3asn2,感觉有点不想我 北京·太阳宫 ,https://wx2.sinaimg.cn/large/8c2c5edfly1famq01lpw5j20qo0zkn2n0.jpg,,北京·太阳宫,2016-12-11,,6,1,0,,
4047563868488159,EjXlUzC9N,#神奇动物在哪里# 这个画风我喜欢💓 北京·樱花园西街 ,"https://ww1.sinaimg.cn/large/8c2c5edfjw1faa9dvdac2j20zk0qoahf.jpg,https://ww1.sinaimg.cn/large/8c2c5edfjw1faa9duqi6sj20zk0qo45q.jpg",,北京·樱花园西街,2016-11-30,,2,0,0,神奇动物在哪里,
4045086185116642,EiUTElt4u,我觉得还不错 ,"https://ww3.sinaimg.cn/large/8c2c5edfgw1fa2cttovfmj20qo0zkwlq.jpg,https://ww1.sinaimg.cn/large/8c2c5edfgw1fa2ctlvx65j20qo0zkjy6.jpg,https://ww2.sinaimg.cn/large/8c2c5edfgw1fa2cubqosbj20qo0zkjyt.jpg",,,2016-11-23,,1,5,0,,
4044729848716439,EiLCUAzxJ,身为网红的我竟然好久忘记发自拍思密达么么哒 ,"https://ww3.sinaimg.cn/large/8c2c5edfjw1fa17vq9jh1j20qo0zkn2l.jpg,https://ww4.sinaimg.cn/large/8c2c5edfjw1fa17vs02s0j20qo0zk7a5.jpg,https://ww1.sinaimg.cn/large/8c2c5edfjw1fa17vsxvqlj20qo0zkagj.jpg,https://ww4.sinaimg.cn/large/8c2c5edfjw1fa17vujrp1j20qo0zkjxk.jpg,https://ww4.sinaimg.cn/large/8c2c5edfjw1fa17vwszuoj20qo0zk44e.jpg",,,2016-11-22,,4,5,0,,
4043884679481100,EipDJDMsY,金毛狮王到此一游@火锅是一种信仰 🙅🙅🙅 成都·成都双流国际机场 ,"https://ww2.sinaimg.cn/large/8c2c5edfjw1f9yito2t13j20qo0zk41z.jpg,https://ww2.sinaimg.cn/large/8c2c5edfjw1f9yitjlnowj20qo0zkn3x.jpg,https://ww1.sinaimg.cn/large/8c2c5edfjw1f9yitox7vuj20qo0zk10e.jpg,https://ww1.sinaimg.cn/large/8c2c5edfjw1f9yitq903nj20qo0zktfp.jpg,https://ww4.sinaimg.cn/large/8c2c5edfjw1f9yits4x99j20qo0zktim.jpg,https://ww1.sinaimg.cn/large/8c2c5edfjw1f9yittq585j20qo0zkn2q.jpg,https://ww2.sinaimg.cn/large/8c2c5edfjw1f9yitux4tyj20qo0zk79q.jpg,https://ww4.sinaimg.cn/large/8c2c5edfjw1f9yitwgaxsj20qo0zkgsk.jpg,https://ww3.sinaimg.cn/large/8c2c5edfjw1f9yitxc8fhj20qo0zk0xw.jpg",,成都·成都双流国际机场,2016-11-20,,9,9,0,,火锅是一种信仰
4042524534164277,EhQfXhtjL,nothing at all[拍照] 重庆 ,"https://ww4.sinaimg.cn/large/8c2c5edfjw1f9u6ja070yj20qo0zk11n.jpg,https://ww3.sinaimg.cn/large/8c2c5edfjw1f9u6jbfxkxj20qo0zk482.jpg,https://ww4.sinaimg.cn/large/8c2c5edfjw1f9u6kpbg4wj20zk0qotkw.jpg,https://ww1.sinaimg.cn/large/8c2c5edfjw1f9u6jyp0i0j20zk0qogss.jpg,https://ww3.sinaimg.cn/large/8c2c5edfjw1f9u6knsq98j20qo0zkn4n.jpg,https://ww4.sinaimg.cn/large/8c2c5edfjw1f9u6kr580qj20zk0qodo6.jpg",,重庆,2016-11-16,,2,15,0,,
4039687276464598,EgErJr7JI,晚安晚安🌙🌙🌙🤗🤗🤗🍁🍁🍁💎💎💎 ,,,,2016-11-08,,1,1,0,,
4038947531053163,EglcB4pYv,成长是个痛苦的过程，要么付出汗水要么流出泪水。好的，我去多喝点儿热水🙃🙃🙃 ,,,,2016-11-06,,1,6,0,,
4035328588659658,EeP3AAkLU,#全民K歌#我刚唱了一首歌曲，快来听听吧。 >> 《枫》-Gonramedo>>网页链接 (来自@全民K歌) ,https://ww1.sinaimg.cn/large/8c2c5edfjw1f97875g3daj2046046wec.jpg,,,2016-10-27,全民K歌,0,1,0,全民K歌,全民K歌
4031159023348776,Ed4Aue3aw,hello，changchun😉 长春 ,"https://ww2.sinaimg.cn/large/8c2c5edfjw1f8txb683ynj20qo1bfgsn.jpg,https://ww1.sinaimg.cn/large/8c2c5edfjw1f8txb5fo7tj20qo1bf46k.jpg,https://ww4.sinaimg.cn/large/8c2c5edfjw1f8txb6paf2j20qo1bf44c.jpg",,长春,2016-10-16,,4,10,0,,
4030411845623658,EcL9mnAYa,#我的会员报告# 大家好，我的微博会员报告好看吗？9月会员报告让我变成了【潇洒的人气王】，人要是没有称号，和小鱼干有什么区别呢？你也来看看吧！2016年09月微博会员报告 ,,,,2016-10-14,微博会员中心,0,1,0,我的会员报告,
4024033739409309,Ea5e5DtN3,某某丑爆了。我真美 ,"https://ww4.sinaimg.cn/large/8c2c5edfjw1f876zau65bj20qo1bfdje.jpg,https://ww2.sinaimg.cn/large/8c2c5edfjw1f876zahycnj20qo1bf77r.jpg",,,2016-09-26,,5,3,0,,
4021897077708567,E9bDRwllJ,我唱的这首歌打败了全国22%的人，快来听听吧。>>网页链接 (来自@唱吧) ,https://ww4.sinaimg.cn/large/8c2c5edfjw1f80dlzlhkmj2050050q2z.jpg,,,2016-09-20,唱吧,1,0,0,,唱吧
4020958945438516,E8NeKmOO0,纪念一下 运城·运城关公机场 ,,,运城·运城关公机场,2016-09-18,,1,4,0,,
4016835206680002,E73Xys1LY,哈哈，我花30块买回来了 ,https://ww3.sinaimg.cn/large/8c2c5edfjw1f7k893wq45j20qo1bfn36.jpg,,,2016-09-06,,0,0,0,,
4016832815461804,E73THmURC,为什么iBooks不可用了？为什么当时没有再花五块钱买了下部？天知道没了这本书可读我会睡不着觉的 ,"https://ww3.sinaimg.cn/large/8c2c5edfjw1f7k7yx5e1lj20qo1bf41g.jpg,https://ww4.sinaimg.cn/large/8c2c5edfjw1f7k7ywjojzj20qo1bfmyb.jpg",,,2016-09-06,,1,0,0,,
4013226951608689,E5y5N6KuB,真是一个好的观点，我以前真的没有想到过呢。 ,"https://ww4.sinaimg.cn/large/8c2c5edfjw1f78ppobkq3j20qo1bf79b.jpg,https://ww4.sinaimg.cn/large/8c2c5edfjw1f78ppr7s8xj20qo1bfdl6.jpg",,,2016-08-27,,0,0,0,,
4009201711949756,E3Rnt8bdG,在QQ空间跟我妹互动感觉挺好玩儿的。可为什么总觉得比她大八岁的我才是那个幼稚鬼 ,https://ww1.sinaimg.cn/large/8c2c5edfjw1f6vvkfb97ej21bf0qojyh.jpg,,,2016-08-16,,0,5,0,,
4007759495942957,E3fRjoW29,虽然，衣服松了一些。但毕竟，还有很多脂肪要挤。干巴爹9.3 ,,,,2016-08-12,,3,0,0,,
4007043788283506,E2XeWyKUW,#睡前喝碗浓鸡汤# 😉 ,"https://ww2.sinaimg.cn/large/8c2c5edfjw1f6ozprkytbj20qo0qodh1.jpg,https://ww4.sinaimg.cn/large/8c2c5edfjw1f6ozps52r5j20qo0qo0ui.jpg",,,2016-08-10,,0,1,0,睡前喝碗浓鸡汤,
4005789817381453,E2qCpuYfH,我用#faceu#拍了段超好玩的视频~#现在流行半妖妆#好好玩哈哈哈 Gonramedo的Faceu ,,http://7xodql.com2.z0.glb.qiniucdn.com/@/v/201608071049/2d925c148c63d1a676a7967256c26ad1.mp4,,2016-08-07,,1,2,0,"faceu,现在流行半妖妆",
4004132358422857,E1Jv5zlax,开始健身的第二天，一个月后看变化。会有嘛？ 北京·枫蓝国际 ,"https://ww4.sinaimg.cn/large/8c2c5edfjw1f6fpbvacb9j20qo0zkq8j.jpg,https://ww3.sinaimg.cn/large/8c2c5edfjw1f6fpbv1mf3j20qo0zk134.jpg",,北京·枫蓝国际,2016-08-02,,4,6,0,,
3996041886107078,DEiugpCJg,感觉靠谁都没有靠自己靠谱 北京·樱花园西街 ,https://ww4.sinaimg.cn/large/8c2c5edfjw1f5pw6boob4j20kg0r90vb.jpg,,北京·樱花园西街,2016-07-11,,1,4,0,,
3991822335929976,DCwIxoSEM,问：怎样控制好自己的情绪才不会爆炸？ ,,,,2016-06-29,,2,8,0,,
3983140961330324,DySSk5A4Q,都睡着了，忽然一个声音说明天又要上班，我不行了，我又要去厕所哭会儿了！ ,https://ww1.sinaimg.cn/large/8c2c5edfjw1f4kqj10ytnj206m05p3yh.jpg,,,2016-06-05,,2,2,4,,
3982689805405445,DyH8EmGcB,好无聊啊。感谢天天P图。感谢爹妈给我一张黄白色的脸。 北京·北京康莱德酒店 ,"https://ww4.sinaimg.cn/large/8c2c5edfjw1f4jap65syoj20qo0zk7d1.jpg,https://ww3.sinaimg.cn/large/8c2c5edfjw1f4jap46qntj20qo0zk7bz.jpg",,北京·北京康莱德酒店,2016-06-04,,8,5,0,,
3979101541132813,DxbN84KHb,我要减肥！！！ 泰国·SAI KAEW BEACH RESORT ,"https://ww2.sinaimg.cn/large/8c2c5edfjw1f47ulnwnujj20qo0zkdlv.jpg,https://ww2.sinaimg.cn/large/8c2c5edfjw1f47ulkuzr0j20zk0qoai6.jpg",,泰国·SAI KAEW BEACH RESORT,2016-05-25,,6,1,1,,
3978310080521744,DwRcA2bJe,感觉肩膀僵了脖子要断了头要掉了 ,,,,2016-05-23,微博 weibo.com,4,3,0,,
3974777637084661,Dvnj5tJ2J,知道如今我才真切的意识到。妈的，我他么已经胖得可以了 ,https://ww2.sinaimg.cn/large/8c2c5edfjw1f3u1zeyxm8j20k00f0jsn.jpg,,,2016-05-13,,4,9,0,,
3970458036184356,DtyVZpWPG,身为人类，我们不可能脱离想象所构建出的秩序而存在。每一次我们以为自己打破了监狱的高墙、迈向自由的前方，其实只是到了另一间更大的监狱，把活动范围稍稍加以扩大。明白了这些，要想简单的活着就更难了。因为我总是要装作什么都不懂的样子从这里走向那里，而其实并没有本质的区别，而本质又是什么呢？太难了。,,,,2016-05-01,,2,3,0,,
3969935347096779,DtlkWtMcb,早 这个床照你还喜欢吗？ ,https://ww1.sinaimg.cn/large/8c2c5edfgw1f3elvrvqjoj20qo0zkahe.jpg,,,2016-04-30,,2,14,0,,
3968546684525498,DsLdaiZhU,对不起杀生丸少爷，我不小心把你画成乡村吴亦凡了 北京·天竺 ,"https://ww4.sinaimg.cn/large/8c2c5edfjw1f3a6eck0f4j20a00hsdh0.jpg,https://ww1.sinaimg.cn/large/8c2c5edfjw1f3a6ebsw3yj20qo0zknal.jpg",,北京·天竺,2016-04-26,,1,10,0,,
3966657984880583,DrY4SktF5,上学时候 ,https://ww3.sinaimg.cn/large/8c2c5edfjw1f345hjbbe5j20qo0zkgy7.jpg,,,2016-04-21,,0,1,0,,
3966336130549398,DrPHL2iVg,#红拂夜奔#哈哈哈王二终于又来了，又是个瓜蛋。 ,https://ww4.sinaimg.cn/large/8c2c5edfjw1f334gsxl9vj20hk072tam.jpg,,,2016-04-20,微博 weibo.com,0,0,0,红拂夜奔,
3964113098768647,DqTSdAN7N,王小波的语言真是有趣，I like，今天开始连载《红拂夜奔》，但只限我觉得有趣的段落。那句话怎么说来着？生活是脆弱的，其中有趣的是并不多。 ,https://ww3.sinaimg.cn/large/8c2c5edfjw1f2w14afoo0j20hz06b0un.jpg,,,2016-04-14,微博 weibo.com,0,0,0,,
3963878653887935,DqNM5gjqD,卧槽。上天赐我一张这么帅的脸，我却用它来勾引男人，这让我情何以堪 北京·北京邮电大学本部校区 ,"https://ww1.sinaimg.cn/large/8c2c5edfjw1f2va998nkfj20qo0zk440.jpg,https://ww3.sinaimg.cn/large/8c2c5edfjw1f2va98jqoij20qo0zk467.jpg,https://ww3.sinaimg.cn/large/8c2c5edfjw1f2va9a6keij20qo0zkdmt.jpg",,北京·北京邮电大学本部校区,2016-04-13,,9,21,0,,
3963536700434069,DqESy1OV7,@郭重阳是几个阳_o0 ,https://ww1.sinaimg.cn/large/8c2c5edfjw1f2u70ewjhnj20qo1bfwiv.jpg,,,2016-04-12,,0,3,0,,郭重阳是几个阳_o0
3962732468415849,DqjXozjlv,好想烂成一滩泥 ,,,,2016-04-10,,0,2,0,,
3962299020473615,Dq8Gi1ZcX,爱他，就要爱他满眼的皱纹 ,https://ww2.sinaimg.cn/large/8c2c5edfjw1f2q8unkjtwj20qo0zkn8o.jpg,,,2016-04-09,,6,20,0,,
3961581446539901,DpQ0Urrkh,感觉人的心变得真快，很多曾经一直坚持，坚定不移的类似信念的东四就在一贯的坚持中消失不见了。又有新的希望，也是希望去坚持，但是会和以往一样吗，还是会想希望的那样？真的不敢想。 ,,,,2016-04-07,微博 weibo.com,2,10,0,,
3958750140439658,DoEmi1Qng,困困困困困困困困困困困困呢科技进步困困困你困困困困困困困困困困困困困困困困困困困困困困困困困困困困困困困困困困困困困困困困困困困困困困困困困困困困困困困困困困款困困困困困困困困困困困困困困困困困困困困困困困 ,https://ww2.sinaimg.cn/large/8c2c5edfjw1f2ex7pm3cgj20qo1bfal2.jpg,,,2016-03-30,,2,1,0,,
3958316327449490,Dot4AvfX4,最近身上无缘无故长这种小红包，腿上有个更大的，谁能告诉我这是啥？ ,https://ww2.sinaimg.cn/large/8c2c5edfjw1f2djgmjysoj20qo0zkaen.jpg,,,2016-03-29,,0,3,0,,
3958000941105250,DokRU4DwC,困死了困死了困死了困死了困死了困死了困死了困死了困死了困死了困死了困死了困死了困死了困死了困死了困死了困死了困死了困死了困死了困死了困死了困死了困死了困死了困死了困死了困死了困死了困死了困死了困死了困死了困死了困死了困死了你哭啥哭困死了困死了困死了困死了困死了困死了困死了困死了困死了困死了昆山看困死了困死了困死了困死了可能是困死了困死了困死了困死了,,,,2016-03-28,微博 weibo.com,1,5,0,,
3957736237983019,DodYXxuKn,分享图片 ,https://ww1.sinaimg.cn/large/8c2c5edfjw1f2bou81jwgj20qo1bfjvv.jpg,,,2016-03-27,,4,1,0,,
3957012108852097,DnV90B8PL,打卡@郭重阳是几个阳_o0 ,https://ww1.sinaimg.cn/large/8c2c5edfjw1f29do5nsqyj20qo1bfdkq.jpg,,,2016-03-25,,2,7,0,,郭重阳是几个阳_o0
3956649791904757,DnLID7ZvT,#练出 A4 腰#DAY11 - 我刚刚在 @Keep 完成了的第4次「HIIT适应性训练」网页链接 ,,,,2016-03-24,Keep,1,1,0,练出 A4 腰,Keep
3956644666367723,DnLAmqIxd,#练出 A4 腰#DAY11 - 我刚刚在 @Keep 完成了第1次「深蹲入门」网页链接 ,,,,2016-03-24,Keep,0,4,0,练出 A4 腰,Keep
3956318794082097,DnD6Lh7Wh,#练出 A4 腰#DAY10 - 我刚刚在 @Keep 完成了的第3次「HIIT适应性训练」网页链接 ,,,,2016-03-23,Keep,0,2,0,练出 A4 腰,Keep
3955542034259919,DniTVhScn,Nike+ 显示我刚刚跑了 2.06 公里。@nikerunning #nikeplus ,,,,2016-03-21,Nikepluschina,1,3,0,,nikerunning
3955238819518638,Dnb0RDWeq,#练出 A4 腰#DAY9 - 我刚刚在 @Keep 完成了的第1次「HIIT适应性训练」网页链接 ,,,,2016-03-20,Keep,0,1,0,练出 A4 腰,Keep
3955102345076897,Dn7sKliJr,永远无法拒绝 ,https://ww4.sinaimg.cn/large/8c2c5edfjw1f23abnyi0xj20zk0qogvu.jpg,,,2016-03-20,,2,21,0,,
3954506494312756,DmRXHi5WA,#拉伸打卡#DAY8 - 我刚刚在 @Keep 完成了的第8次「零基础适应性训练」网页链接 ,,,,2016-03-18,Keep,1,2,0,拉伸打卡,Keep
3954346913489619,DmNOjeDOb,最近我好忙，不要打扰我，因为我只有时间大口吃饭 北京·通联大厦 ,,,北京·通联大厦,2016-03-18,,3,0,0,,
3953805525238646,DmzJ6lYOi,"For everything if I decide to forget,I forget it.only in this way can I live with happiness.GN  ",,,,2016-03-17,,1,0,0,,
3953776509153038,DmyYiCp7E,今天没时间打卡了@郭重阳是几个阳_o0 ,,,,2016-03-16,,1,4,0,,郭重阳是几个阳_o0
3953413505151299,DmpwOlC5t,#拉伸打卡#DAY7 - 我刚刚在 @Keep 完成了的第7次「零基础适应性训练」网页链接 ,,,,2016-03-15,Keep,1,3,0,拉伸打卡,Keep
3953070801002248,DmgC44cJi,我的小海星希望你在下水道里一切安好，要是幸运的话也许你能重返大海🙏 青岛 ,,,青岛,2016-03-14,,5,4,0,,
3953062470804830,DmgoD3nn8,#拉伸打卡#DAY6...我在 @Keep 完成了第1次「零基础适应性训练第6节」网页链接郭重阳是几个阳_o0 ,https://ww1.sinaimg.cn/large/8c2c5edfjw1f1ws26r5lfj20h00h00tb.jpg,,,2016-03-14,,1,8,0,拉伸打卡,Keep
3952310499021555,DlWPLBQUX,#拉伸打卡#DAY5 - 我刚刚在 @Keep 完成了的第5次「零基础适应性训练」网页链接 ,,,,2016-03-12,Keep,0,2,0,拉伸打卡,Keep
3951971423050205,DlO0ScNuR,黄致列总是一副大便不通的表情唱歌，不知道脑残粉中了他什么毒。李玟不管怎么说，英文发音还是相当好听的 ,,,,2016-03-11,,11,13,0,,
3951962560623973,DlNMA2Ck5,#拉伸打卡#DAY4 - 我刚刚在 @Keep 完成了的第4次「零基础适应性训练」网页链接 ,https://ww2.sinaimg.cn/large/8c2c5edfjw1f1t9qq8pzhj20h00h0aaf.jpg,,,2016-03-11,Keep,1,5,0,拉伸打卡,Keep
3951592094807192,DlE93kazm,#拉伸打卡#DAY3 - 我刚刚在 @Keep 完成了的第3次「零基础适应性训练」网页链接 ,https://ww1.sinaimg.cn/large/8c2c5edfjw1f1s370scg6j20h00h0t93.jpg,,,2016-03-10,Keep,1,6,0,拉伸打卡,Keep
3951582627790284,DlDTMwGBK,#我的会员报告# 我在2016年02月会员报告中获得了【萌萌的网红】称号！每月会员报告的到来已经成为一种期盼，我忘记的，TA都帮我记着！快来看看！2016年02月微博会员报告 ,,,,2016-03-10,微博会员中心,0,0,0,我的会员报告,
3951234731480464,DluQF6d8s,#拉伸打卡#DAY2 - 我刚刚在 @Keep 完成了的第2次「零基础适应性训练」网页链接 ,https://ww4.sinaimg.cn/large/8c2c5edfjw1f1qy5hbeq5j20h00h03yv.jpg,,,2016-03-09,Keep,0,2,0,拉伸打卡,Keep
3951042536355693,DlpQFqFpb,#强行撩妹 #这个话题一定少不了我 ,"https://ww2.sinaimg.cn/large/8c2c5edfjw1f1qc2jw9d1j20qo0zk45t.jpg,https://ww1.sinaimg.cn/large/8c2c5edfjw1f1qc2lu8iwj20qo0zkqaa.jpg",,,2016-03-09,,6,4,0,强行撩妹 ,
3950501634214720,DlbMfhGrm,#拉伸打卡#DAY1 - 我刚刚在 @Keep 完成了的第1次「零基础适应性训练」网页链接 ,,,,2016-03-07,Keep,0,2,0,拉伸打卡,Keep
3950165452166199,Dl32195wH,见过睡觉还要戴口罩的嘛？我就是@Fannie_Fu 我要尽早考虑你的提议了，北京似乎要混不下去 ,,,,2016-03-06,,2,4,0,,Fannie_Fu
3948712953239984,DkrfhdARO,来看看我的#照片电影#：“网瘾boy的自我修养😃”，点此播放>> 美拍（通过 #美拍# 制作） ,,http://mvvideo1.meitudata.com/56d6fc94a5cc28861.mp4,,2016-03-02,美拍,1,0,0,"照片电影,美拍",
3947943427512477,Dk7e6vwkZ,1.小蛮腰真的真的真的很高大，歹歹的。2.这里的波涛好美，词穷不知该如何形容了。3.码头上买的一闪一闪的小灯好可爱，想买回去送给弟弟。4.现在中国人旅游再也不艰难的往墙壁上刻名字了，发个自拍告诉你，姐到此一游。5.今天空气的味道让我想到了学校的操场，往事难忘啊……6.姐想写日记了。 广州·廣州塔~小蠻腰,"https://ww4.sinaimg.cn/large/8c2c5edfjw1f1gfzbght0j20qo0zkgtp.jpg,https://ww2.sinaimg.cn/large/8c2c5edfjw1f1gfzco4vjj20qo0zk47v.jpg,https://ww3.sinaimg.cn/large/8c2c5edfjw1f1gfzdj4tzj20qo0zkdlb.jpg,https://ww4.sinaimg.cn/large/8c2c5edfjw1f1gfzadafej20zk0qo0zz.jpg",,广州·廣州塔~小蠻腰,2016-02-29,,9,6,0,,
3947633032553819,DjZ9taImD,其实我觉得，作为一个人就像他承载不了太多的痛苦一样也承载不了过多的笑容因为，下巴会掉。晚安 ,,,,2016-02-28,,2,8,0,,
3947202575448097,DjNXbmRix,谢谢缀缀亲爱的胖胖🐑@郭重阳是几个阳_o0 送的生日礼物，这回我可以放心的揣着袜子逛街了 北京·北京林业大学图书馆 ,"https://ww2.sinaimg.cn/large/8c2c5edfjw1f1e32cfujuj20qo0zkaj5.jpg,https://ww2.sinaimg.cn/large/8c2c5edfjw1f1e0jo53rlj20qo0zkwmt.jpg",,北京·北京林业大学图书馆,2016-02-27,,2,11,0,,郭重阳是几个阳_o0
3945770799012420,DjcHRBOxC,去TM的吧，再也不相信什么婚恋网了，都特么从地里长出来的吧怒删！！！ ,,,,2016-02-23,,2,12,0,,
3945307170003155,Dj0E500OT,马『藏歌排行榜 2016最好听的藏歌排行榜 - 中国藏族音乐网排行榜』网页链接 ,,,,2016-02-22,,1,0,0,,
3944011246928314,DisVSt4n0,今天有多少次想到你没数过，但其中一次是真的想念@Theresa歌歌迅 ,,,,2016-02-18,,0,3,0,,Theresa歌歌迅
3941464780133504,DhoGG0yJi,新春佳节，别忘了家中常备健胃消食片哦[抢到啦][抢到啦][抢到啦] ,https://ww4.sinaimg.cn/large/8c2c5edfjw1f0vs2c9ji5j20dw0dw75p.jpg,,,2016-02-11,,0,1,0,,
3940740403312057,Dh5QkdTCh,再也不想跟不喜欢还长得丑的人说晚安了 抚顺·河东街区 ,,,抚顺·河东街区,2016-02-09,,4,4,0,,
3938892472085998,DgjLN8KF8,#靳东的红包#一不小心又中奖了！(≖ ‿ ≖)✧我在靳东 的红包中抽到了@微博会员 提供的“会员10元代金券”，好实在的礼物，让宝宝心情美丽一整天～靳东 的红包 ,,,,2016-02-04,粉丝红包,0,0,0,靳东的红包,微博会员
3937490320906379,DfJig3NN1,来看看我的#照片电影#，点此播放>> 美拍（通过 #美拍# 制作） ,,http://mvvideo2.meitudata.com/56ae28cdcc9311771.mp4,,2016-01-31,美拍,0,0,0,"照片电影,美拍",
3935180614489732,DeLcViPZ2,领导不在身边的短暂时刻，我享受到了刻骨铭心的自由 ,,,,2016-01-25,微博 weibo.com,2,7,0,,
3933749328414794,De9Yozj4u,🎙️让我听到你们的声音 北京·西便门 ,"https://ww3.sinaimg.cn/large/8c2c5edfjw1f075yye40wj20qo0zkwlc.jpg,https://ww3.sinaimg.cn/large/8c2c5edfjw1f075yxtj7uj20qo0zkgsi.jpg",,北京·西便门,2016-01-21,,6,1,0,,
3931299754251867,Dd8fthQ6v,#裸妆美出新高度#纯素颜咋地 ,"https://ww4.sinaimg.cn/large/8c2c5edfjw1ezzcmr97klj20qo0zkwlr.jpg,https://ww2.sinaimg.cn/large/8c2c5edfjw1ezzcmrq5p9j20qo0zkahc.jpg",,,2016-01-14,,6,2,0,裸妆美出新高度,
3929694002479193,DcstyaoWZ,#旅行十年##十年足迹# 一个人行走的范围，就是他的世界。如今我已走过了1个国家，17个省份，打败了91%微博网友。猛戳链接，踩出专属于你自己的足迹地图吧！  网页链接 ,https://ww2.sinaimg.cn/large/8c2c5edfjw1ezu88eq23kj20m80s2wjz.jpg,,,2016-01-10,分享按钮,0,0,0,"旅行十年,十年足迹",
3929501274395918,DcnsHirzU,每天都在扮美好累，还记得我帅气的脸庞吗[发红包啦][发红包啦][发红包啦]@Theresa歌歌迅 ,"https://ww3.sinaimg.cn/large/8c2c5edfjw1eztm34hojhj20qo0zkag6.jpg,https://ww3.sinaimg.cn/large/8c2c5edfjw1eztm3568rhj20qo0zkgss.jpg,https://ww4.sinaimg.cn/large/8c2c5edfjw1eztm3435d1j20qo0zkn3q.jpg",,,2016-01-09,,3,4,0,,Theresa歌歌迅
3928645057864958,Dc1bHx02a,每天都困得一👃，趁年轻多发发微博 ,,,,2016-01-07,,1,0,0,,
3926198822320605,DaZya9JH7,年终总结就不写了，心里回顾了一下，不易，却满满收获。感恩，感念。 ,,,,2015-12-31,,2,2,0,,
3924247992409678,DaaNFa6RM,听说有人想我了 ,"https://ww3.sinaimg.cn/large/8c2c5edfjw1ezcurdmdqnj20zk0qo78h.jpg,https://ww3.sinaimg.cn/large/8c2c5edfjw1ezcure6eugj20zk0qo79e.jpg",,,2015-12-26,,2,6,0,,
3922253965850617,D9kVuoy0N,寻龙诀，#寻龙诀# 超级好看！国产里的良心作品。 ,,https://ask.ivideo.sina.com.cn/v_play_ipad.php?vid=139300125&tags=weibocard,,2015-12-20,,2,0,0,寻龙诀,
3917473822381710,D7kzA9ZAG,我参加了每天10000步活动，向线上全勤奖勋章发起了挑战，一起来吧！网页链接 ,,,,2015-12-07,,1,0,0,,
3916411955560598,D6SWTnkz4,第一次在这定个位 哈尔滨·哈尔滨太平国际机场 ,,,哈尔滨·哈尔滨太平国际机场,2015-12-04,,0,0,0,,
3913209931064895,D5xEl4t1J,多少人爱你青春妩媚的时光  爱慕你的美貌，假意，也或真心  唯有一人爱你那朝圣者的灵魂  爱你渐衰面容上痛苦的皱纹  最近喜欢一句话：那时候天很蓝，风很轻，一生只够爱一人。 ,,,,2015-11-25,,2,3,0,,
3911973403932657,D51tWgv3X,#靳东粉丝今天练字了吗# @靳东 打卡 ,https://ww2.sinaimg.cn/large/8c2c5edfjw1ey9p0itm3zj20xc18g7iz.jpg,,,2015-11-22,,2,2,0,靳东粉丝今天练字了吗,靳东
3911678955448369,D4TP1mRmV,不要太好吃喔Woo ,https://ww2.sinaimg.cn/large/8c2c5edfjw1ey8r8fmogcj21a01a01kx.jpg,,,2015-11-21,美食杰,3,0,0,,
3911360058258348,D4LwFyEna,#周末约起来#刚跟卓哥说我报了个钢琴🎹班他竟然说我弱智还嘲笑我😡哼他根本不懂我对艺术执着的追求[带着微博去旅行] ,https://ww3.sinaimg.cn/large/8c2c5edfjw1ey7qjkxvt8j20740c9t9g.jpg,,,2015-11-20,,0,2,0,周末约起来,
3910962736148760,D4BbPpNzy,#他来了请闭眼#里面我最喜欢@王凯kkw！参与互动获得#神秘的线索#，转发召唤主角语音提示！大家一起来破案！#他来了请闭眼# ,,,,2015-11-19,手机微博触屏版,0,0,0,"他来了请闭眼,神秘的线索,他来了请闭眼",王凯kkw
3910586733350319,D4rpne3zp,願所有的一切都值得。願所有的苦難都化作勇氣。願所有的努力都沒有白費。願所有的等待都有一個美好的答案。 ,,,,2015-11-18,,3,0,0,,
3909085575254362,D3Om9m2TM,亲哥哥来看我啦 北京 ,"https://ww4.sinaimg.cn/large/8c2c5edfjw1ey0hdo0y5bj20xc18gwou.jpg,https://ww3.sinaimg.cn/large/8c2c5edfjw1ey0hdpjq5dj20qo0zkqb9.jpg",,北京,2015-11-14,,1,8,0,,
3907713572202233,D3eFf9eTT,美味！ ,https://ww1.sinaimg.cn/large/8c2c5edfjw1exw3te4dc8j20hs0hsn2x.jpg,,,2015-11-10,美食杰,0,3,0,,
3906674161388826,D2NCM5Piq,胖成🐷了我要 深圳 ,,,深圳,2015-11-07,,0,3,0,,
3906295062709000,D2DLkbmJy,喝完这杯咖啡不知道晚上还能不能睡得着觉还有黑眼圈够深吗😳 深圳·深圳丽湾酒店 ,"https://ww2.sinaimg.cn/large/8c2c5edfgw1exrkvlapcqj20xc18ggwd.jpg,https://ww4.sinaimg.cn/large/8c2c5edfgw1exrkvlvjauj20qo0zk79v.jpg",,深圳·深圳丽湾酒店,2015-11-06,,6,3,0,,
3906143367618520,D2zOEvXVm,"今天好大的雪，记者街头采访:""大妈，您觉的暴风雪给您的生活带来了什么影响?""... 大妈说:""影响太大了！首先就是你得看清楚，我是你大爷!! ",https://ww4.sinaimg.cn/large/8c2c5edfgw1exr3h15zc0j20m80gjjsn.jpg,,,2015-11-06,,0,3,0,,
3904447320955729,D1RH640CZ,power to go！@行走的力量PowertoGo @陈坤 ,"https://ww2.sinaimg.cn/large/8c2c5edfjw1exloo9lcuyj20xc18gtj9.jpg,https://ww3.sinaimg.cn/large/8c2c5edfjw1exlooa3zvrj20xc18gtjl.jpg,https://ww4.sinaimg.cn/large/8c2c5edfjw1exloodq3orj20xc18g18j.jpg,https://ww2.sinaimg.cn/large/8c2c5edfjw1exloogdvuoj20xc18g4eh.jpg",,,2015-11-01,,0,0,0,,"行走的力量PowertoGo,陈坤"
3902909093293968,D1dG5dOUw,##不美不出门##虚惊一场，吓死宝宝了 ,https://ww3.sinaimg.cn/large/8c2c5edfjw1exgs0j30k0j20c80c83z8.jpg,,,2015-10-28,iPhone 6 Plus,0,0,0,,
3901566484086444,D0EKAh94o,不忘初心，方得始终。原来对一切都适用阿 ,,,,2015-10-24,iPhone 6 Plus,0,0,0,,
3901014232632966,D0qnRb2Xc,梦见我生了7个孩子...我只想问，孩子他爸是谁？😳 ,,,,2015-10-23,iPhone 6 Plus,3,6,0,,
3900843864416332,D0lX4iwTa,做一个用自拍骗人的小公举 ,https://ww3.sinaimg.cn/large/8c2c5edfjw1exa6t8irpgj20qo0zkq99.jpg,,,2015-10-22,iPhone 6 Plus,6,3,0,,
3896353043780592,CEqA8fRvi,既然决定，就只能勇往直前。 北京·中国外文大厦 ,https://ww1.sinaimg.cn/large/8c2c5edfjw1ewvv0opve8j20hs0lpt9s.jpg,,北京·中国外文大厦,2015-10-10,iPhone 6 Plus,4,1,0,,
3896004770653955,CEhwp2K7F,muy bien😊 分享单曲Si Yo Fuera Un Chico (If I Were A Boy - Spanish Version)（@网易云音乐） ,,,,2015-10-09,网易云音乐,0,0,0,,网易云音乐
3894931393309472,CDPB9dSWA,经过了七天的跋山涉水穿山越岭，我作出了一个重要的决定。我希望能将它好好的完成。[真心英雄郑元畅] 网页链接 ,,,,2015-10-06,iPhone 6 Plus,0,6,0,,
3893454759117957,CDdbtCfZP,#你好十月#早茶来一套 梧州·梦之岛时代广场 ,https://ww3.sinaimg.cn/large/8c2c5edfjw1ewmm7dimd2j20hs0note1.jpg,,梧州·梦之岛时代广场,2015-10-02,iPhone 6 Plus,2,0,0,你好十月,
3893206385003508,CD6ISkZDK, 网页链接 ,https://ww2.sinaimg.cn/large/8c2c5edfgw1ewltn0mvhgj20m810oafi.jpg,,,2015-10-01,iPhone 6 Plus,0,8,0,,
3890221319746431,CBR4fETuv,@薛定谔的喵_0114 『3 分钟浓缩三年的环游之旅 | 开眼』3 分钟浓缩三年的环游之旅 | 开眼 ,,,,2015-09-23,iPhone 6 Plus,0,1,0,,薛定谔的喵_0114
3887302629485630,CAD8GDNE2,好想远去，却不得不固守阵地 北京·西钓鱼台 ,,,北京·西钓鱼台,2015-09-15,iPhone 6 Plus,1,1,0,,
3886291156368167,CAcPhqIEn,人只要还活着哪怕一秒，他的内心就不得安宁。 北京·雍和宫 ,https://ww1.sinaimg.cn/large/8c2c5edfjw1evzrgsvl9tj20xc18gax4.jpg,,北京·雍和宫,2015-09-12,iPhone 6 Plus,2,7,0,,
3885631090263518,CzVEF16yi,有时候打开电视其实也并没什么想看，只是不想周围那么安静 网页链接 ,,,,2015-09-10,iPhone 6 Plus,2,15,0,,
3880828654095183,CxUINhbll,我就觉得印度电影好看的不行！[甜馨得瑟] ,,,,2015-08-28,iPhone 6 Plus,1,4,0,,
3870023435043047,CtnD1l9Vt,#一起去看海#我要挽回形象。我不是王祖蓝[萌娃大竣] ,https://ww3.sinaimg.cn/large/8c2c5edfjw1eujv5c54hnj20qo0zkq7s.jpg,,,2015-07-29,iPhone 6 Plus,1,12,0,一起去看海,
3866233226973830,CrN1Mtgd8,终于的终于。 ,,,,2015-07-19,iPhone 6 Plus,0,12,0,,
3865398673411043,CrrjJejmP,准备好了。就不回头。一切都是虚无。我存在的意义是为了能从虚到无的过程中转个漂亮的圈。 ,,,,2015-07-17,iPhone 6 Plus,1,1,0,,
3863701256110882,CqJ9XpDIC,早 网页链接 ,https://ww3.sinaimg.cn/large/8c2c5edfjw1etzp2gasl6j20qo0zkdmh.jpg,,,2015-07-12,iPhone 6 Plus,2,6,0,,
3862996948394902,CqqPYzdTE,#我们毕业不分手#舍不得每一个🙏🙏🙏 ,"https://ww2.sinaimg.cn/large/8c2c5edfjw1etxg4ql17yj20k00zkjue.jpg,https://ww2.sinaimg.cn/large/8c2c5edfjw1etxg4quvf0j20no0hs0vh.jpg,https://ww1.sinaimg.cn/large/8c2c5edfjw1etxg4r4zpaj20zk0noq7e.jpg,https://ww2.sinaimg.cn/large/8c2c5edfjw1etxg4rge4pj20k00zkn1e.jpg,https://ww4.sinaimg.cn/large/8c2c5edfjw1etxg4rslc9j20f00n9q5q.jpg,https://ww3.sinaimg.cn/large/8c2c5edfjw1etxg4sv9bij20zk0qotfp.jpg,https://ww3.sinaimg.cn/large/8c2c5edfjw1etxg4t3v3lj20no0hsgoj.jpg,https://ww3.sinaimg.cn/large/8c2c5edfjw1etxg4tbonyj20hs0no0v9.jpg",,,2015-07-10,iPhone 6 Plus,7,6,0,我们毕业不分手,
3861375036152765,CpKDZpOC9,毕业了，开心吗？ 北京·五道口 ,"https://ww1.sinaimg.cn/large/8c2c5edfjw1ets9whj9nrj20hs0butaw.jpg,https://ww1.sinaimg.cn/large/8c2c5edfjw1ets9whv2cvj20m80et78q.jpg,https://ww1.sinaimg.cn/large/8c2c5edfjw1ets9wicnwdj20m80etgnc.jpg,https://ww2.sinaimg.cn/large/8c2c5edfjw1ets9wis1ytj20m80et41f.jpg,https://ww4.sinaimg.cn/large/8c2c5edfjw1ets9wj1vizj20m80et0vh.jpg,https://ww1.sinaimg.cn/large/8c2c5edfjw1ets9wjg2bcj20m80etwhe.jpg",,北京·五道口,2015-07-05,iPhone 6 Plus,4,10,0,,
3859461653474439,CoWRTezRl,@任泉 泉哥约吗？ 北京·增光路 ,https://ww3.sinaimg.cn/large/8c2c5edfjw1etm65df2u9j20p018gq4n.jpg,,北京·增光路,2015-06-30,iPhone 6 Plus,0,1,0,,任泉
3857421766328764,Co5NKqyoQ,为了毕业我也是拼了！ 北京·学院路 ,"https://ww4.sinaimg.cn/large/8c2c5edfjw1etfnvfol6mj20xc18gtip.jpg,https://ww4.sinaimg.cn/large/8c2c5edfjw1etfnvqwzw8j20xc18gwnf.jpg",,北京·学院路,2015-06-25,iPhone 6 Plus,4,9,0,,
3856994848634984,CnUHaAelW,操场也空旷了许多。 北京·田家炳体育馆 ,https://ww3.sinaimg.cn/large/8c2c5edfjw1eteau3nlxtj20hs0dcq47.jpg,,北京·田家炳体育馆,2015-06-23,iPhone 6 Plus,2,1,0,,
3855936294639372,Cnt9PjsUA,节日福利。 北京·五道口 ,"https://ww4.sinaimg.cn/large/8c2c5edfjw1etax9uj1v4j20c80f7gmp.jpg,https://ww4.sinaimg.cn/large/8c2c5edfjw1etax9u5tsxj20dc0hswg9.jpg",,北京·五道口,2015-06-20,iPhone 6 Plus,1,10,1,,
3853893496253207,CmC0ZqeKb,为什么我又痛苦的睁开了眼睛？在半小时前。 ,,,,2015-06-15,iPhone 6 Plus,1,0,0,,
3852105204768435,ClRuEk0uf,一个整天眉头紧锁的人他在想什么？ 网页链接 ,,,,2015-06-10,iPhone 6 Plus,0,0,0,,
3851769693698865,ClILvfwf7,死后再测更准！ ,"https://ww4.sinaimg.cn/large/8c2c5edfjw1esxmqnhorgj20dc0hsgnk.jpg,https://ww4.sinaimg.cn/large/8c2c5edfjw1esxmqjv8kaj20dc0hstab.jpg,https://ww4.sinaimg.cn/large/8c2c5edfjw1esxmqpylu4j20dc0hsjsz.jpg,https://ww4.sinaimg.cn/large/8c2c5edfjw1esxmqsj3dqj20dc0hsmyv.jpg,https://ww4.sinaimg.cn/large/8c2c5edfjw1esxmqv195uj20dc0hsmzi.jpg",,,2015-06-09,iPhone 6 Plus,1,1,0,,
3851754044834030,ClImgkhye,看图说话。 ,https://ww2.sinaimg.cn/large/8c2c5edfjw1esxky0ptn0j20dc0hsjsq.jpg,,,2015-06-09,iPhone 6 Plus,5,7,0,,
3851738199010426,ClHWHBO1s,然而我的愿望并没有实现！刚醒就这样，我及其需要一位真诚的心灵导师。@方刚 ,,,,2015-06-09,iPhone 6 Plus,0,3,0,,方刚
3850880631211001,CllDx552h,#敢剪短发颜值略高# ,https://ww2.sinaimg.cn/large/8c2c5edfjw1esusmzoq7dj20dc0hsac2.jpg,,,2015-06-06,iPhone 6 Plus,2,7,0,敢剪短发颜值略高,
3850877728939602,CllyQBvB8,让我独自一人暗自伤神。 ,https://ww4.sinaimg.cn/large/8c2c5edfjw1esusay0586j20f00qo3yr.jpg,,,2015-06-06,iPhone 6 Plus,0,5,0,,
3850369446794733,Cl8l2svCt,我他娘的天天喝的都是什么！ 北京·中国外文大厦 ,https://ww3.sinaimg.cn/large/8c2c5edfjw1est5x1cu5qj20xc18g7e8.jpg,,北京·中国外文大厦,2015-06-05,iPhone 6 Plus,2,13,1,,
3849790749964216,CkThEFO9a,安。 北京·北京林业大学10号楼 ,,,北京·北京林业大学10号楼,2015-06-03,iPhone 6 Plus,1,0,0,,
3849662891553672,CkPXr6wbe,能看懂的有谁？ 航天桥 ,https://ww4.sinaimg.cn/large/8c2c5edfjw1esqws52vioj20xc18gk1j.jpg,,航天桥,2015-06-03,iPhone 6 Plus,0,3,0,,
3848692815331417,CkqINmmWB,无聊中，翻翻相册 突然很想我大学最爱的女人 大学最大的幸运就是遇见了你 懂你的人都应该珍惜你 ,"https://ww1.sinaimg.cn/large/8c2c5edfjw1esnt6c25c7j20qo0zkwiq.jpg,https://ww2.sinaimg.cn/large/8c2c5edfjw1esnt6on2chj20qo0zkjwk.jpg",,,2015-05-31,iPhone 6 Plus,1,8,1,,
3848627551871563,Ckp1x7QSv,#我想我会成为摄影家# 北京·田家炳体育馆 秒拍视频 ,,"http://us.sinaimg.cn/0018UWFtjx06SHx0wJ0j010401002zkN0k01.mp4?KID=unistore,video&Expires=1578488623&ssig=LPwN4947tm&KID=unistore,video",北京·田家炳体育馆,2015-05-31,iPhone 6 Plus,3,0,0,我想我会成为摄影家,
3848626373178652,CkoZDdkUA,#we# 北京·北京林业大学 ,"https://ww3.sinaimg.cn/large/8c2c5edfjw1esnlqgzfxyj20qo0zkn5r.jpg,https://ww1.sinaimg.cn/large/8c2c5edfjw1esnlqilg6bj20qo0zkn4s.jpg,https://ww2.sinaimg.cn/large/8c2c5edfjw1esnlqflt79j20qo0zkdob.jpg,https://ww4.sinaimg.cn/large/8c2c5edfjw1esnlqjinzzj20xc18ggxg.jpg",,北京·北京林业大学,2015-05-31,iPhone 6 Plus,3,0,0,we,
3848302103381395,CkgyCebED,最后再看你一次 北京·田家炳体育馆 秒拍视频 ,,"http://us.sinaimg.cn/001oMJ34jx06SG6ckg7l010401000Yzm0k01.mp4?KID=unistore,video&Expires=1578488623&ssig=N5qzZczMyp&KID=unistore,video",北京·田家炳体育馆,2015-05-30,iPhone 6 Plus,2,21,0,,
3847967473425276,Ck7QTen4o,我的节日要来了！好想吃顿麦当劳[羞羞哒甜馨]@左心右意 ,,,,2015-05-29,iPhone 6 Plus,0,1,1,,左心右意
3847946933946790,Ck7jLgyJU,#他们# ,https://ww4.sinaimg.cn/large/8c2c5edfjw1eslfplukkrj20fp0qodjn.jpg,,,2015-05-29,iPhone 6 Plus,1,0,0,他们,
3847857083485038,Ck4YQeCCi,#我们# 网页链接 ,https://ww2.sinaimg.cn/large/8c2c5edfjw1esl5e5tnbnj20hs0dcjty.jpg,,,2015-05-29,iPhone 6 Plus,3,0,0,我们,
3847795498468702,Ck3nvzx5Y,最爱的探险节目！ 北京·北京林业大学10号楼 ,https://ww4.sinaimg.cn/large/8c2c5edfjw1eskyb9yuh9j20xc18gn94.jpg,,北京·北京林业大学10号楼,2015-05-29,iPhone 6 Plus,0,3,0,,
3847466245648173,CjUOsnHlz,补！ 北京·北京林业大学10号楼 ,https://ww1.sinaimg.cn/large/8c2c5edfjw1esjwi246cqj20w018g7cd.jpg,,北京·北京林业大学10号楼,2015-05-28,iPhone 6 Plus,1,5,0,,
3847192173555285,CjNGpeUTj,Nike+ 显示我刚刚跑了 1.80 公里。@nikerunning #nikeplus: 网页链接 ,,,,2015-05-27,Nikepluschina,3,0,0,,nikerunning
3846824153014169,CjE6PcE7D,Nike+ 显示我刚刚跑了 2.07 公里。@nikerunning #nikeplus: 网页链接 ,,,,2015-05-26,Nikepluschina,2,0,0,,nikerunning
3846149800619574,Cjmza2Bb8,打起鼓来！💃🏻💃🏻💃🏻 北京·北京林业大学10号楼 ,https://ww2.sinaimg.cn/large/8c2c5edfjw1esfp9badopj20qo0zktkw.jpg,,北京·北京林业大学10号楼,2015-05-24,iPhone 6 Plus,0,11,0,,
3845738339876155,CjbRvFreP,Nike+ 显示我刚刚跑了 2.02 公里。@nikerunning #nikeplus: 网页链接 ,,,,2015-05-23,Nikepluschina,3,0,0,,nikerunning
3845345014265584,Cj1D7hTFK,是否是归途。 中心街 ,"https://ww3.sinaimg.cn/large/8c2c5edfjw1esd4vl98tej20dc0hsabh.jpg,https://ww1.sinaimg.cn/large/8c2c5edfjw1esd4vm4x9rj20dc0hswf9.jpg,https://ww4.sinaimg.cn/large/8c2c5edfjw1esd4vmo8fzj20dc0hsgmw.jpg",,中心街,2015-05-22,iPhone 6 Plus,4,1,0,,
3845091569190705,CiV2kCyVb,耶！我的头像失而复得！明天又离开家了，随遇而安。🙏 交通路 ,,,交通路,2015-05-22,iPhone 6 Plus,2,2,1,,
3844720750690347,CiLof2TAD,山炮二人组 ,https://ww3.sinaimg.cn/large/8c2c5edfjw1esb569sgjjj20p018g41i.jpg,,,2015-05-20,iPhone 6 Plus,1,9,0,,
3844314783893079,CiAPsgkLB,穿透乌云的梦。 交通路 ,https://ww1.sinaimg.cn/large/8c2c5edfjw1es9ukd6nu6j20xc18gnl8.jpg,,交通路,2015-05-19,iPhone 6 Plus,1,0,0,,
3844314134060747,CiAOph2nV,星星点水。 交通路 ,https://ww3.sinaimg.cn/large/8c2c5edfjw1es9uhfzwqyj20xc18gk2r.jpg,,交通路,2015-05-19,iPhone 6 Plus,1,2,0,,
3844257569323165,CizlaD7nD,第一次见你之前紧张了一小下，难道这就是岁月带给我们的？想哭时因为岁月，想笑是我们都长大了。所以我想在哭笑不得，心里满是感叹号！！！👧 交通路 ,,,交通路,2015-05-19,iPhone 6 Plus,0,10,0,,
3843825141100920,Cio5I4CoM,礼赞 风马 ,,https://api.youku.com/videos/player/file?data=WcEl9oUuVdTRNREE1T1Rnd3wwfDF8MTAwNTB8MAO0O0OO0O0O,,2015-05-18,iPhone 6 Plus,1,0,0,,
3842518154109297,ChQ5Fhf0Z,生活，真的从来不缺美。[萌神奥莉] 交通路 ,"https://ww4.sinaimg.cn/large/8c2c5edfjw1es447mvr0wj20xc18g0zw.jpg,https://ww3.sinaimg.cn/large/8c2c5edfjw1es447iold2j20xc18g47c.jpg",,交通路,2015-05-14,iPhone 6 Plus,4,18,0,,
3841714420287139,Chvbk1cHh,看到17年前的自己我倍感欣慰。因为那会我就端庄优雅又不失风趣，关键是有一颗樱桃小嘴 交通路 ,"https://ww3.sinaimg.cn/large/8c2c5edfjw1es1juztvfjj20qu18g7fq.jpg,https://ww1.sinaimg.cn/large/8c2c5edfjw1es1jv3jf8wj20qo0zkjxo.jpg",,交通路,2015-05-12,iPhone 6 Plus,3,13,0,,
3840973874180396,ChbUThxvK,人家是坐上火车去拉萨。我是穿上棉袄回东北。 北京西站商圈 ,"https://ww4.sinaimg.cn/large/8c2c5edfjw1erz6ugu6zuj20dc0hst9x.jpg,https://ww2.sinaimg.cn/large/8c2c5edfjw1erz6uhdqrxj20dc0hsdhc.jpg",,北京西站商圈,2015-05-10,iPhone 6 Plus,2,11,0,,
3840553739194354,Ch0ZfCzS2,是谁在大巴上吃辣条？妈的，闻着这么fresh的味儿我也是要吐了 师范路 ,,,师范路,2015-05-09,iPhone 6 Plus,3,14,0,,
3840358129136012,CgVTKCkH2,混血妆试一试 北京·绿韵广场 ,https://ww1.sinaimg.cn/large/8c2c5edfjw1erx84sxcnrj20qo0zkgqt.jpg,,北京·绿韵广场,2015-05-08,iPhone 6 Plus,4,3,0,,
3839632250539366,CgD0Z2gjs,敢跟我一起唱吗？ 我是一个大傻逼，伊呀伊呀呦～ 预备，开始！ ,https://ww4.sinaimg.cn/large/8c2c5edfjw1eruwrbxqjij20d20jftab.jpg,,,2015-05-06,iPhone 6 Plus,3,4,0,,
3838700976748227,CgeMVsjwn,好神奇有木有早 北京·北京林业大学图书馆 ,"https://ww3.sinaimg.cn/large/8c2c5edfjw1errxthykbzj20dc0hstbf.jpg,https://ww3.sinaimg.cn/large/8c2c5edfjw1errxtgmc9rj20dc0hs76i.jpg",,北京·北京林业大学图书馆,2015-05-04,iPhone 6 Plus,1,5,0,,
3838446088800508,Cg89OAVpG,够了，不再玩儿。 北京·渔阳国际滑雪场-北京国际流行音乐季HitFM展位 ,"https://ww4.sinaimg.cn/large/8c2c5edfjw1err4jjsmdfj20dc0hsgn7.jpg,https://ww2.sinaimg.cn/large/8c2c5edfjw1err4jcb24fj20hs0dcq5i.jpg,https://ww4.sinaimg.cn/large/8c2c5edfjw1err4jo7d6rj20dc0hswfh.jpg,https://ww1.sinaimg.cn/large/8c2c5edfjw1err4jradfxj20dc0hsq4h.jpg",,北京·渔阳国际滑雪场-北京国际流行音乐季HitFM展位,2015-05-03,iPhone 6 Plus,1,14,0,,
3836160847596087,CfaHWvS5x,我刚刚在“尼泊尔8.1级地震灾害紧急救援”微公益项目中捐款成功！4月25日14时11分在尼泊尔发生8.1级地震，请和我一起支持#尼泊尔8.1级地震#支持灾难紧急救援项目。10块钱捐赠一份救灾基金：[品牌捐]尼泊尔，我们与你同在！ ,,,,2015-04-27,微公益,1,0,0,尼泊尔8.1级地震,
3835910875432769,Cf4cLmNjj,西藏灾区方面的志愿信息，忘广泛转发，尽早帮助到需要帮助的人们，广发善心，谢谢。 ,https://ww4.sinaimg.cn/large/8c2c5edfjw1erj1e203rng20n90tjwgk.gif,,,2015-04-26,锤子便签,0,0,1,,
3835227418290342,CeMqpyMHc,这会睡觉是不是很奇怪 ,,,,2015-04-24,Flyme,1,0,0,,
3834773967376924,CeAD2uX4E,猜猜我是谁@丨丿失控的丶胖子灬 ,"https://ww1.sinaimg.cn/large/8c2c5edfjw1erfet1qc20j20i20dqq3v.jpg,https://ww4.sinaimg.cn/large/8c2c5edfjw1erfet2jyn4j20i20ef0ti.jpg,https://ww1.sinaimg.cn/large/8c2c5edfjw1erfet3nom7j20i20egq4c.jpg,https://ww1.sinaimg.cn/large/8c2c5edfjw1erfet4qpa7j20go0g8gmz.jpg",,,2015-04-23,Flyme,0,1,0,,丨丿失控的丶胖子灬
3834710968906120,CeyZqBmT6,还以为要长篇大论呢，就这点儿？ 只是看了些旧文字 ,,,,2015-04-23,Flyme,0,38,0,,
3834199058102595,CelFLxZR1,别害怕 304省道 ,https://ww4.sinaimg.cn/large/8c2c5edfjw1erdks9c6uoj20hs0npq41.jpg,,304省道,2015-04-21,Flyme,0,5,0,,
3831806035946735,Cdlq3oX15,@邓超 别咬我😂😂😂 宣武门西大街 ,https://ww3.sinaimg.cn/large/8c2c5edfjw1er5xxmmbfsj20ez0qoabj.jpg,,宣武门西大街,2015-04-15,Flyme,1,0,0,,邓超
3820711745902984,C8GO2oLDq,@-二菇- 你还好吗？ ,,,,2015-03-15,魅族 MX3,0,0,0,,-二菇-
3813517171413500,C5FDT5VIo,有人和我一样喜欢在超市边唱边跳怀着无比喜悦的心情逛完整个超市再空手走出来吗？ ,,,,2015-02-23,魅族 MX3,1,1,0,,
3811235046697548,C4Ih2s6kY,#别人的丸子头#@左心右意  ,"https://ww1.sinaimg.cn/large/8c2c5edfjw1epcbemj0ltj20xc18gn4k.jpg,https://ww4.sinaimg.cn/large/8c2c5edfjw1epcberc7puj20xc18gag9.jpg",,,2015-02-17,魅族 MX3,1,3,0,别人的丸子头,左心右意
3810221636282981,C4hUvqmup,来看看我拍的视频！点此播放>>美拍（通过 #美拍# 拍摄） ,,http://mvvideo1.meitudata.com/54df28a7e5d398574.mp4,,2015-02-14,美拍,0,0,0,美拍,
3809005636191049,C3MhdpYzD,#七色地图的红包#小年到，祭灶扫尘抢红包！我刚抽到了七色地图 和@t你猜我猜不猜 一起发出的现金红包！想要也来试试手气~七色地图 的红包 ,,,,2015-02-11,粉丝红包,0,0,0,七色地图的红包,t你猜我猜不猜
3809005430508167,C3MgT28cf,#吴奇隆的红包#小年抢个好彩头！我在吴奇隆TD 的红包中抽到了@快的打车 提供的“快的打车6元红包”，羊年未到，好运先来！你也快来试试手气~吴奇隆TD 的红包 ,,,,2015-02-11,粉丝红包,0,0,0,吴奇隆的红包,快的打车
3807377016608609,C35UprJct,发钱啦！林更新 正在发红包，总共47534元现金。手快有，手慢无！ 林更新 的红包 ,,,,2015-02-06,魅族 MX3,0,0,0,,
3804428496324986,C1RcJqxpU,我终于会用洗衣机洗衣服啦！好欣慰！看到了自己的成长！么么哒[去旅行] ,,,,2015-01-29,魅族 MX3,5,4,0,,
3803406269073531,C1qBYC4rh,如果你感觉心无居所，百无聊赖，灵魂空乏，毫无思想。原因有二，其一你就是一个一安逸就寂寞空虚的矫情狗，一有压力就瞬间崩溃的小气球，其二你有多久没读书了？！ ,,,,2015-01-26,魅族 MX3,2,1,0,,
3801581281326817,C0F8s5zah,高中三年加大学四年。虽说我这四年很少回家，可我们的情谊却越来越深，感恩有你们🙏祝我们在各自的路上一切安好。 交通路 ,https://ww2.sinaimg.cn/large/8c2c5edfjw1eohimiui71j20zk0qon0w.jpg,,交通路,2015-01-21,魅族 MX3,5,1,1,,
3797604217452432,BEX89vgIw,鉴于自己现在这么丑，我该如何弥补呢？求指点😭 清华东路 ,,,清华东路,2015-01-10,魅族 MX3,0,4,0,,
3797089437534577,BEJJRvC5r,我想去行走的力量的展啊？报名截止了，没机会了吗😭@行走的力量PowertoGo @陈坤 网页链接 ,,,,2015-01-09,魅族 MX3,0,0,0,,"行走的力量PowertoGo,陈坤"
3797088384939936,BEJIakJ6o,我就知道我会来这儿。我也知道我能平静。一闻到这香的味道，我就知道自己要回来了。🙏🙏🙏 雍和宫大街 ,https://ww2.sinaimg.cn/large/8c2c5edfjw1eo36msct6qj20hs0npt9a.jpg,,雍和宫大街,2015-01-09,魅族 MX3,2,1,0,,
3796512410178015,BEuJb0Kjd,回家就这么被提上了日程！女人真是善变啊[挖鼻屎] ,https://ww4.sinaimg.cn/large/8c2c5edfjw1eo1ciwth3gj20np0hswey.jpg,,,2015-01-07,魅族 MX3,2,8,0,,
3796466499329060,BEtx7D8UI,熬过这一周！给自己加了个油哇！ ,,,,2015-01-07,魅族 MX3,1,0,0,,
3790021469163268,BBLRUCrME,剩下的还有什么？ 304省道 ,,,304省道,2014-12-21,魅族 MX3,0,1,0,,
3787004174815252,BAvnjkcFm,我刚刚在#领年终奖啦# 中领到了1.86元现金！没领的小伙伴们快去领吧，100%人人有份，还有很多奖没有发完呢！比比看谁领的多~ 领年终奖 ,https://ww4.sinaimg.cn/large/8c2c5edfjw1en70j7eon8j20c40d8wf4.jpg,,,2014-12-12,领年终奖,0,0,0,领年终奖啦,
3787004116710998,BAvnds9PU,#领年终奖啦# 请大声回答我：微博君是不是今年第1个发你年终奖的？！是？那还不手快赶紧领走！每人最高2015元现金！还有iPhone6等N种实物奖哦~ 领年终奖 ,,,,2014-12-12,领年终奖,0,2,0,领年终奖啦,
3786198554532920,BAapVj1dC,预约圣诞节礼物🎁@笨蛋玖玖 ,https://ww4.sinaimg.cn/large/8c2c5edfjw1en4fzzfjjkj20qo0k0mze.jpg,,,2014-12-10,魅族 MX3,0,2,0,,笨蛋玖玖
3784740735725477,BzyuBo1sp,老师，麻烦抽空帮忙看一看，感激不尽@专硕王诚 ,"https://ww1.sinaimg.cn/large/8c2c5edfjw1emzsjmxpxdj20xc18gtdx.jpg,https://ww1.sinaimg.cn/large/8c2c5edfjw1emzsjo1615j20xc18gq8n.jpg",,,2014-12-06,魅族 MX3,0,5,0,,专硕王诚
3784558367298898,BztKsuCMa,老师，分析题每道题最好应该写多长？有的老师说要写版面的四分之三，是这样的吗？@张鑫考研001 ,,,,2014-12-05,魅族 MX3,0,0,0,,张鑫考研001
3781673038211794,BygGHysgi,由于对未来的无限畅想，导致现在泪流满面，无法入睡。 ,,,,2014-11-28,魅族 MX3,0,1,0,,
3777148563537591,BwmZaeQhV,HIMALAYA ,,,,2014-11-15,魅族 MX3,0,6,0,,
3776141481610734,BvWMQ6L1A,#领防寒保暖费# 我来领过冬费啦，感觉自己棒棒哒~ 据说每人领到的金额都不一样，比比看大家都能领到多少钱？领防寒保暖费 ,,,,2014-11-12,领防寒保暖费,1,1,0,领防寒保暖费,
3775497307595015,BvG1QvROf,有时候为了看一个你明明想讨厌却又隐隐挂念的人竟会去翻自己特别久远的状态，因为你清晰的记得那天状态里有他的留言，虽然早你已经把他删除好友，却时不时的通过这种方式想了解他近期的心情，动向，哎，人真是始终用生命在犯贱啊。晚安。 网页链接 ,https://ww3.sinaimg.cn/large/8c2c5edfjw1em6az3cucdj20hs0npjrw.jpg,,,2014-11-10,魅族 MX3,0,2,0,,
3774638268002115,BvjGixzIn,发两张艳照 北京·北京林业大学 ,"https://ww4.sinaimg.cn/large/8c2c5edfjw1em3kbgzj55j20oz18gwhr.jpg,https://ww3.sinaimg.cn/large/8c2c5edfjw1em3kbhuownj20oz18ggpb.jpg",,北京·北京林业大学,2014-11-08,魅族 MX3,0,4,0,,
3773698441857527,BuVes7Ne7,妈蛋！又要失眠了！ ,https://ww3.sinaimg.cn/large/8c2c5edfjw1em0kdxakpfj209i080glu.jpg,,,2014-11-06,魅族 MX3,0,0,0,,
3772225717432029,BuiV5vbpr,11月，我需要正能量。[马上有对象] ,https://ww1.sinaimg.cn/large/8c2c5edfjw1elvv8jljujj20k00ddmyi.jpg,,,2014-11-01,魅族 MX3,0,0,0,,
3772224198307340,BuiSDyR7m,我刚换了“情迷宝丽来”套装，好漂亮，你们都快来试试！ 网页链接 ,https://ww4.sinaimg.cn/large/6b888227jw1e5az3mszpdj20c808hab8.jpg,,,2014-11-01,微博 weibo.com,0,0,0,,
3771347882968776,BtW5ecsju,我正在#领防寒保暖费#，人人都有份呢，看看我能领到多少！准备过冬啦~要把自己保护的暖暖哒！大家一起来领吧~→_→领防寒保暖费 ,,,,2014-10-30,领防寒保暖费,0,0,0,领防寒保暖费,
3771152247623782,BtQZGvZie,好想念你Lahsa [来自微云 weiyun.com] ,https://ww2.sinaimg.cn/large/8c2c5edfjw1elsfxy16qvj20np0hst9q.jpg,,,2014-10-29,魅族 MX3,0,0,0,,
3769335610794041,Bt5JD3kz7,#短发是条不归路#我要回归！ ,https://ww3.sinaimg.cn/large/8c2c5edfjw1elmnbmr7hrj20oz18gdj1.jpg,,,2014-10-24,魅族 MX3,1,5,1,短发是条不归路,
3766775751225983,Bs18P58VV,直逼内心@笨蛋玖玖 ,https://ww3.sinaimg.cn/large/8c2c5edfjw1elehbp2byjj20ci09sdg6.jpg,,,2014-10-17,魅族 MX3,2,1,1,,笨蛋玖玖
3765692702875808,BryXYc480,宿舍聚一次不易。我的宣言是：80天后再见！之间谁都别约我了，哈哈哈！约吗？[挖鼻屎] ,"https://ww4.sinaimg.cn/large/8c2c5edfjw1elb0wo33w6j20hs0dcgmb.jpg,https://ww4.sinaimg.cn/large/8c2c5edfjw1elb0wqclnqj20hs0dcgmd.jpg,https://ww3.sinaimg.cn/large/8c2c5edfjw1elb0wqtp5aj20dc0hs0t9.jpg",,,2014-10-14,魅族 MX3,1,0,0,,
3764490547644097,Br3H0w4zT,喝酒伤身又伤神！今天能醒吗💣 ,,,,2014-10-11,魅族 MX3,0,0,0,,
3763885745760569,BqNXwoaAp,我最爱的书，它来了！ ,"https://ww2.sinaimg.cn/large/8c2c5edfjw1el59eth2ifj20xc18gwlg.jpg,https://ww1.sinaimg.cn/large/8c2c5edfjw1el59euafhsj20oz18gdk3.jpg",,,2014-10-09,魅族 MX3,1,0,0,,
3763841290645875,BqMNP2I1l,开心😊 ,,,,2014-10-09,魅族 MX3,0,2,0,,
3763137503041611,BquuGcLgf,我本想安静的做一个瘦子，可尼玛我总是事与愿违，算了，还是做个美男子吧 网页链接 ,https://ww1.sinaimg.cn/large/8c2c5edfjw1el2vg9kubhj20oz18gaep.jpg,,,2014-10-07,Flyme,2,0,1,,
3760989046486468,BpABqrdqs,参赛@行走mook ,"https://ww1.sinaimg.cn/large/8c2c5edfjw1ekw0q0g74ej20xc18g11c.jpg,https://ww2.sinaimg.cn/large/8c2c5edfjw1ekw0q19499j218g0xcjx1.jpg,https://ww4.sinaimg.cn/large/8c2c5edfjw1ekw0q21njpj218g0xc0yh.jpg,https://ww1.sinaimg.cn/large/8c2c5edfjw1ekw0q911r1j20bu0hs75b.jpg",,,2014-10-01,Flyme,4,0,0,,行走mook
3760590160023828,Bpqe406ck,对于那种不懂得必要的尊重的人@樊潇洁 ，我已经无话可说了。翻了一下你的微博，口口声声说着自己是无神论者，强调自己思想的科学性，但字里行间却毫无逻辑可言，反而充斥着哗众取宠的污言秽语，看着我都脸红！只是一个想要出名的小丑罢了#shame on you# ,https://ww4.sinaimg.cn/large/8c2c5edfjw1ekuqs5ontnj20dc0hsq3n.jpg,,,2014-09-30,Flyme,4,3,0,shame on you,樊潇洁
3758660264484246,BoC1kiOyy,#领国庆过节费#什么？你们公司没发过节费？那还不快来微博领！万一领到1001大洋，整个假期都会感觉棒棒哒 领国庆过节费 ,,,,2014-09-25,领国庆过节费,0,0,0,领国庆过节费,
3758442638335255,BowmjyYnB,很多人似乎对爱有一种奇怪的想法：他们把爱看做是一种必须要得到回报的礼物。当某人说“我爱你”时，如果对方没有回一句我也爱你，那么第一个人就会很难过。但是爱并不总是需要有回报。我们可以单纯地就是爱。如果对方没有回报以爱，你所给的和你感受到的，依然还是爱。 ,https://ww3.sinaimg.cn/large/8c2c5edfjw1eknwa7cuazj20c80cfaaf.jpg,,,2014-09-24,Flyme,0,3,1,,
3758340712282600,BotHV9zO8,#领国庆过节费#国庆过节费免费领了啊有木有！100%可以领到啊有木有！！最高1001元现金啊有木有！！！别说我木有告诉你哦！！快来领取吧！！ 领国庆过节费 ,,,,2014-09-24,领国庆过节费,0,0,0,领国庆过节费,
3757741375927259,Boe7foRWX,cien anos de soledad ,https://ww3.sinaimg.cn/large/8c2c5edfjw1eklnqw6myxg20n91hjgqr.gif,,,2014-09-22,锤子便签,0,0,0,,
3757379973715948,Bo4IlfAGE,我的灵魂，因呼唤你的名字而得救。 直逼内心。感恩。 ,,,,2014-09-21,Flyme,1,0,0,,
3756243472657048,BnB9hb9dC,#一人一句周杰伦#天空仍灿烂，她爱着大海。 一人一句周杰伦超话 ,,,,2014-09-18,Flyme,0,0,0,一人一句周杰伦,
3756242654756429,BnB7XjXmB,#一人一句蔡依林#再一杯，那古老神秘恒河水，我镶在额头的猫眼，揭开了庆典。 一人一句蔡依林超话 ,,,,2014-09-18,Flyme,0,0,0,一人一句蔡依林,
3755489148461127,BnhwCzv7N,昔日的帅哥。。不见了 ,"https://ww4.sinaimg.cn/large/8c2c5edfjw1ekeh2jc1l6j20oz18g0wb.jpg,https://ww1.sinaimg.cn/large/8c2c5edfjw1ekeh2kacc6j20oz18g78m.jpg",,,2014-09-16,Flyme,1,6,0,,
3752664992841087,Bm63xbV5Z,纪录片《非凡之旅-进藏》  纪录片《非凡之旅-进藏》 ,,http://vxml.56.com/html5/102664884/?src=weibo&res=vga,,2014-09-08,手机微分享,0,1,0,,
3751541334525354,BlCPbiZfA,卧槽！谁能告诉我什么叫通奸啊？现在被抓的官员都被指通奸，还多名女性？神马啊！ ,,,,2014-09-05,Flyme,0,0,0,,
3749017403895934,BkzakglvE,我参与了@爸爸去哪儿 发起的投票【#爸爸去哪儿# #萌娃带娃#，你最喜欢看谁带孩子？】，我投给了“#爸爸去哪儿#费曼”这个选项。你也快来表态吧： 网页链接 ,,,,2014-08-29,手机微博触屏版,0,0,0,"爸爸去哪儿,萌娃带娃,爸爸去哪儿",爸爸去哪儿
3747542708068501,BjWNMxQZ7,今天终于吃饭了期盼已久的【热辣一号】！麻辣牛肉真的很好吃[花心]不过还是想提个小小的建议，就是可以点半份！因为两个女生真心吃不了这么多，又想保证想吃的都吃到，又不想浪费食物@任泉 @热辣壹号 ,"https://ww2.sinaimg.cn/large/8c2c5edfjw1ejp42t3dkdj20xc18gte1.jpg,https://ww1.sinaimg.cn/large/8c2c5edfjw1ejp42u4qz2j218g0xcq7t.jpg,https://ww1.sinaimg.cn/large/8c2c5edfjw1ejp42v7oc6j20xc18gwk5.jpg",,,2014-08-25,Flyme,1,0,1,,"任泉,热辣壹号"
3746777411153843,BjCTr4Qan,因为假期学校的饭太太难吃，我最近是要吃死自己的节奏！！！ ,,,,2014-08-23,Flyme,0,2,0,,
3746067088323480,BjkpKyVjG,腿要断啦 北京·宜家家居 ,,,北京·宜家家居,2014-08-21,魅族手机,0,2,0,,
3744388402032807,BiCKc8wPd,好久没失眠到这个点儿了！ ,,,,2014-08-17,Flyme,0,0,0,,
3739575308247329,BgBx8yBvr,最近跑的真酣畅淋漓！ ,,,,2014-08-03,Flyme,2,0,0,,
3738375997284078,Bg6kLuyV8,我刚拍了一段MV，点开看看>>美拍（通过 #美拍# 录制） ,,http://mvvideoshare2.meitudata.com/53d9c935677e92378.mp4,,2014-07-31,美拍,1,0,0,美拍,
3738348562349447,Bg5Cw9Rcj,#罗琳&哈利·波特生日快乐#我在结束时打开。 罗琳&哈利·波特生日快乐超话 ,https://ww2.sinaimg.cn/large/8c2c5edfjw1eivsib5g51j20dw0dht9a.jpg,,,2014-07-31,Flyme,0,2,0,,
3737635455972574,BfN4lp3JQ,#国民公公吴镇宇# 吴家父子最吸引你的是什么？ 真实随性，有自己的快乐小世界也是一种美好。所以费曼快点嫁给我，好吗！ 详情:国民公公吴镇宇超话 ,,,,2014-07-29,超话,0,0,0,国民公公吴镇宇,
3736260046599465,BfdhWrGOZ,My deep love. 我分享了丝绸之路：地理与文化中心-敦煌 ,,,,2014-07-25,Flyme,0,1,0,,
3735797704378465,Bf1gein2p,不得不说，在你对生活充满失望而无比沮丧的时候，你却能在社交网络中找到鼓舞人心支持你潇洒向前走的信心与勇气。 ,,,,2014-07-24,Flyme,1,2,0,,
3735463350937627,BeSyX3VV1,#带着微博去九寨沟#@左心右意 我们去好不好？ 带着微博去九寨沟超话 ,,,,2014-07-23,Flyme,0,1,0,带着微博去九寨沟,左心右意
3734358445739853,BepOQo5ch,#致敬李小龙#@左心右意 向我致敬吧 致敬李小龙超话 ,,,,2014-07-20,Flyme,0,1,0,致敬李小龙,左心右意
3734299423286920,BeohEdN4Q,脚在刺痛！😭 ,https://ww1.sinaimg.cn/large/8c2c5edfjw1eiivgp6yq9j20ez0qojs4.jpg,,,2014-07-20,Flyme,0,6,0,,
3732150530949531,BdunH3Z11,#0元体验世界杯足彩#我在@微彩票 买了巴西vs荷兰、德国vs阿根廷 2串1，投了20元，预测赛果：巴西 负 、德国 胜 ，立贴为证！不知道我能否成为预测帝！0元体验世界杯彩票 ,,,,2014-07-14,手机微彩票,0,0,0,0元体验世界杯足彩,微彩票
3732000768510109,Bdqu8zHRP,Check out this video I've just created>>美拍（from #美拍#） ,,http://mvvideo1.meitudata.com/53c297d1717da5716.mp4,,2014-07-13,美拍,1,0,0,美拍,
3731908662171113,Bdo5A96NX,刘海越来越短了。。为什么每次剪完头都格外的开心[德国队加油] ,https://ww3.sinaimg.cn/large/8c2c5edfjw1eib8vlg357j20oz18g77t.jpg,,,2014-07-13,Flyme,2,3,0,,
3731280316905125,Bd7K7sYkZ,永远的爱，不解释。 珠江路/公滨路 ,"https://ww3.sinaimg.cn/large/8c2c5edfjw1ei98ptq6vfj20hs0npjsp.jpg,https://ww4.sinaimg.cn/large/8c2c5edfjw1ei98px9f7kj20f00qomxr.jpg,https://ww1.sinaimg.cn/large/8c2c5edfjw1ei98pz3orxj20hs0npjsi.jpg,https://ww2.sinaimg.cn/large/8c2c5edfjw1ei98q3cogrj20hs0np75i.jpg",,珠江路/公滨路,2014-07-11,Flyme,1,0,0,,
3729983522284127,BcA0w9AcL,带着我最平静的心，回家🙏 北京·北京站 ,https://ww3.sinaimg.cn/large/8c2c5edfjw1ei53skqipjj20hs0npgma.jpg,,北京·北京站,2014-07-08,Flyme,3,4,0,,
3729350207752102,Bcjx2wwFU,今天去趟雍和宫，和几个喇嘛聊了一会儿，正好到了饭点儿就说让我跟他们一起吃饭，后来才知道其中有一个是活佛耶！真是荣幸之至，扎西德勒🙏🙏🙏还有，这素锅包肉味道也是杠杠的👍 ,"https://ww1.sinaimg.cn/large/8c2c5edfjw1ei332d861fj218g0xcag7.jpg,https://ww2.sinaimg.cn/large/8c2c5edfjw1ei332eaxrwj218g0xcahs.jpg",,,2014-07-06,Flyme,2,1,0,,
3729097476168710,BccXppSLk,Check out this video I've just created>>美拍（from #美拍#） ,,http://mvvideo1.meitudata.com/53b807de458e73685.mp4,,2014-07-05,美拍,0,0,0,美拍,
3729040609145173,BcbtGCn4N,Check out this video I've just created，Tap here to play>>美拍（from #美拍#） ,,http://mvvideo1.meitudata.com/53b7d2ee773e2840.mp4,,2014-07-05,美拍,0,0,0,美拍,
3728747834308277,Bc3Rti4Ml,我就是先知哇哈哈 ,,,,2014-07-04,Flyme,1,1,0,,
3728270845325935,BbRs8mlwb,满满的都是汗诶 ,,,,2014-07-03,Flyme,0,0,1,,
3727971313480843,BbJF1eBwD,a great breakthrough 北京·田家炳体育馆 ,"https://ww2.sinaimg.cn/large/8c2c5edfjw1ehyoow10wdj20g00qogmb.jpg,https://ww1.sinaimg.cn/large/8c2c5edfjw1ehyoox61fcj20g00qowfb.jpg",,北京·田家炳体育馆,2014-07-02,Flyme,1,2,0,,
3727640668076224,BbB3IxSZG,快来说我可爱吗 ,https://ww3.sinaimg.cn/large/8c2c5edfjw1ehxmpp0h1nj20ez0qo3z6.jpg,,,2014-07-01,Flyme,2,4,0,,
3727095919860546,BbmT5Fnb4,纪念一下这个美好又痛苦的日子😊 北京·北京林业大学 ,,,北京·北京林业大学,2014-06-30,Flyme,0,0,0,,
3726918832192136,Bbiht9ch2,五天没跑，今天跑的有些累，加油！here we go[带着微博去旅行] ,https://ww4.sinaimg.cn/large/8c2c5edfjw1ehvbszaoetj20qo18g0vf.jpg,,,2014-06-29,Flyme,1,0,0,,
3726735676109688,Bbdw3pDpm,我正在体验虾米音乐独创的“离线音乐包”功能，开启后可以人性化地在我出门前自动下载好1小时的音乐，以后路上再也不愁没歌听了，你也快来体验吧，下载地址：网页链接 ,https://ww1.sinaimg.cn/large/8c2c5edfjw1ehuqsi6yqij20hs0qo0w2.jpg,,,2014-06-29,虾米音乐,0,0,0,,
3726415889716358,Bb5cgELFs,"我的私人定制，我是自由飞翔人！哈哈哈哈哈…  我正在使用""童年梦想""封面图，好漂亮，你们都快来试试！网页链接 ",https://ww2.sinaimg.cn/large/a1d3feabjw1ecat8op0e1j20hs0hswgu.jpg,,,2014-06-28,微博会员中心,0,0,0,,
3726369445568533,Bb3ZmnmD3,我分享了@铁铮-铁铮 的文章 人生又一季的开始 ,,,,2014-06-28,Flyme,0,0,0,,铁铮-铁铮
3725859339073980,BaQIBC4yw,吐一个！包好了！送给你！不用谢！ ,,,,2014-06-26,Flyme,0,2,0,,
3725811175901862,BaPsVoLlk,#你什么时候最缺钱#每时每刻！ 你什么时候最缺钱超话 ,,,,2014-06-26,Flyme,1,0,0,你什么时候最缺钱,
3725482941823884,BaGVw7Etu,in here ,"https://ww3.sinaimg.cn/large/8c2c5edfjw1ehqqwk3twmj218g0xcqa5.jpg,https://ww2.sinaimg.cn/large/8c2c5edfjw1ehqqwm3d8lj218g0xc43b.jpg,https://ww3.sinaimg.cn/large/8c2c5edfjw1ehqqwnd96xj218g0xc79l.jpg,https://ww3.sinaimg.cn/large/8c2c5edfjw1ehqqwop9xij218g0xcn3e.jpg,https://ww3.sinaimg.cn/large/8c2c5edfjw1ehqqwptdqij218g0xc45z.jpg,https://ww3.sinaimg.cn/large/8c2c5edfjw1ehqqwqxlnoj218g0xctcy.jpg,https://ww2.sinaimg.cn/large/8c2c5edfjw1ehqqwruc5bj218g0xcae8.jpg,https://ww2.sinaimg.cn/large/8c2c5edfjw1ehqqwsuhzrj218g0xcn1t.jpg",,,2014-06-25,Flyme,0,1,1,,
3724611348653958,BakfIAjhY,我觉得我还是素颜好看 ,,,,2014-06-23,Flyme,3,0,0,,
3724434252634717,BafE5b3pr,失眠 ,,,,2014-06-23,Flyme,0,0,0,,
3723941715606440,Ba2PFnwus,Check out this video I've just created>>美拍（from #美拍#） ,,http://mvvideo1.meitudata.com/53a545f981b6a7302.mp4,,2014-06-21,美拍,0,0,0,美拍,
3723587460511845,B9TCi299z,#夜夜听歌不睡#我刚刚发了一条#啪啪#，点开听听 网页链接 ▶ (来自@啪啪) ,https://ww1.sinaimg.cn/large/8c2c5edfjw1ehkp82j5ywj20hs0hsaaw.jpg,,,2014-06-20,啪啪,0,0,0,"夜夜听歌不睡,啪啪",啪啪
3723577892837860,B9TmRbUfW,很喜欢@啪啪 的#啪啪#，点开听听网页链接 ▶ ,https://ww4.sinaimg.cn/large/8c2c5edfjw1ehko4ilxymj20hs0hs418.jpg,,,2014-06-20,啪啪,0,0,0,啪啪,啪啪
3723533886456297,B9SdSr5zP,论文狗，不好当！ 北京·北京林业大学10号楼 ,,,北京·北京林业大学10号楼,2014-06-20,Flyme,0,0,0,,
3723232895319171,B9KopmjL5,#星盘分享#经过小巫微信星盘工具的精准测算，我的上升星座是处女座……其他相位信息请点击网页链接，欢迎关注小巫，微信号：zhanxingxiaowu1004.@Pandora占星小巫 ,https://ww1.sinaimg.cn/large/8c2c5edfjw1ehjki3nrymg20dw0dw0sr.gif,,,2014-06-19,分享按钮,0,0,1,星盘分享,Pandora占星小巫
3723155090454930,B9ImV1UlA,#佩戴小国旗#球迷大站队，我选择支持了荷兰队！关注@荷兰球迷俱乐部 竟然还有现金红包拿，看我的昵称已佩戴上国旗，快跟我一起来秀出你的站队吧！戴国旗  ,,,,2014-06-19,围观世界杯,0,0,0,佩戴小国旗,荷兰球迷俱乐部
3721853824822624,B9aw6keAg,男人越长越好？女人越久越好？你能分辨网上盛传的所谓“性知识”的真伪吗?来挑战一下这个小测试，看看你的性知识是什么级别吧。 性知识小测试 ,https://ww1.sinaimg.cn/large/8c2c5edfjw1ehf649xcr3j20m80m8jwt.jpg,,,2014-06-15,分享按钮,0,0,0,,
3721476127215656,B90GUuh7y,Check out this video I've just created：“又聚会啦！！！😘”，Tap here to play>>美拍（from #美拍#） ,,http://mvvideo2.meitudata.com/539c4de9cad874199.mp4,,2014-06-14,美拍,0,0,0,美拍,
3721449086558032,B8ZZirw2I,Check out this video I've just created：“毛姐威武！哈哈哈”，Tap here to play>>美拍（from #美拍#） ,,http://mvvideo2.meitudata.com/539c335ac723b891.mp4,,2014-06-14,美拍,0,2,0,美拍,
3721370552714129,B8XWDbo4h,去考六级咯！这照片看着咋这么奇怪[挖鼻屎] 北京·北京林业大学10号楼 ,https://ww2.sinaimg.cn/large/8c2c5edfjw1ehdmlrjw7cj20ez0qowf0.jpg,,北京·北京林业大学10号楼,2014-06-14,Flyme,2,0,0,,
3721341381841992,B8XbA7Jby,#围观世界杯领现金#和小伙伴们一起看世界杯，还能一起领钱！围观世界杯领最高4999球迷现金红包， 100%的中奖率！像这种好事，简直丧（xi）心（da）病（pu）狂（ben）啊！小伙伴们快来参加吧！@你说的永远有多 @ABU丶Bomberman @Lminibel  围观世界杯领现金 ,,,,2014-06-14,围观世界杯领现金,0,0,0,围观世界杯领现金,"你说的永远有多,ABU丶Bomberman,Lminibel"
3721162632287262,B8Sxh9B1k,大半夜的闹肚子！可是我想喝哈啤！ 304省道 ,,,304省道,2014-06-14,Flyme,1,2,0,,
3721127727278439,B8RCYuxsb,大家好！我已经提前步入老年阶段。 北京·北京林业大学10号楼 ,https://ww2.sinaimg.cn/large/8c2c5edfjw1ehcupluvefj20xc18gn1d.jpg,,北京·北京林业大学10号楼,2014-06-13,Flyme,2,0,0,,
3721005011106496,B8Or34DQI,#佩戴小国旗#球迷大站队，我选择支持了厄瓜多尔队！关注@厄瓜多尔球迷俱乐部 竟然还有现金红包拿，看我的昵称已佩戴上国旗，快跟我一起来秀出你的站队吧！戴国旗  ,,,,2014-06-13,围观世界杯,0,0,0,佩戴小国旗,厄瓜多尔球迷俱乐部
3720770222438813,B8IkmaerH,#围观世界杯领现金#给力的微博世界杯福利疯抢ing~围观世界杯还能领现金红包，这事儿一般人我不告诉他哦~小伙伴们快来参加吧！@郭宇的6次方 @ABU丶Bomberman @孙宇彤Sherry 100%中奖，每天都有4999大奖等着小伙伴们，万一中大奖了呢~  围观世界杯领现金 ,,,,2014-06-12,围观世界杯领现金,0,0,0,围观世界杯领现金,"郭宇的6次方,ABU丶Bomberman,孙宇彤Sherry"
3720769937094044,B8IjTtLu4,看世界杯还能100%领钱，拼人品的时刻到了！#围观世界杯领现金#最高4999元现金随机领，小伙伴们快来参加吧！@荒年之谷 @王大白Star @Lminibel 比比领的多哦~  围观世界杯领现金 ,,,,2014-06-12,围观世界杯领现金,0,4,0,围观世界杯领现金,"荒年之谷,王大白Star,Lminibel"
3720769710577967,B8Ijx2qm3,看世界杯还能100%领钱，拼人品的时刻到了！#围观世界杯领现金#最高4999元现金随机领，小伙伴们快来参加吧！@宁大脚丫子 @姖侀触掱怪 @徳罗巴 比比领的多哦~  围观世界杯领现金 ,,,,2014-06-12,围观世界杯领现金,0,0,0,围观世界杯领现金,"宁大脚丫子,姖侀触掱怪,徳罗巴"
3720393166347950,B8ywcqDoi,这学期第一次在图书馆待这么晚，，， 北京·北京林业大学图书馆 ,,,北京·北京林业大学图书馆,2014-06-11,Flyme,2,2,1,,
3719670479744504,B8fIzESZq,#女生不剪次短发白活了#我还很帅呢！ 女生不剪次短发白活了超话 网页链接 ,https://ww2.sinaimg.cn/large/8c2c5edfjw1eh87coki5nj20dc0hsjsv.jpg,,,2014-06-09,Flyme,1,4,0,女生不剪次短发白活了,
3719582398890407,B8dqvBiNF,看完了余华的《活着》。真是觉得活着就好，活着就好，只要活着，一切都会归于平静，死了的人也在地下安静长眠，免了痛苦。福贵和福贵都好。 ,,,,2014-06-09,Flyme,1,0,0,,
3719498966104840,B8bfWpC9a,气死我了！做个六级选词填空竟然一个没对！卧槽！求大神教啊！ ,,,,2014-06-09,Flyme,1,7,0,,
3719317122622173,B86wEb097,短视频分享神器秒拍更新了！拍摄更强大，支持任意插入本地视频和照片；交友更方便，全面支持手机注册和QQ登录；互动更好玩，视频回复，聊着盖楼。留住精彩，秒拍一下！太好玩了，快来下载：网页链接 ,https://ww2.sinaimg.cn/large/8c2c5edfjw1eh72s6mng9j20b41tugqo.jpg,,,2014-06-08,秒拍视频版,0,0,0,,
3719315742389495,B86uqa1Cf,哇！麻麻买的荔枝好棒，刚剥开一点点，汁就喷溅出来了！好诱人！sooooo sweet ,,,,2014-06-08,Flyme,1,0,0,,
3719195826963612,B83n0tdyk,风雨交加，天气真好，安心睡觉。[打哈气] ,,,,2014-06-08,Flyme,0,0,0,,
3718918071597396,B7W916Hys,心态好！ 北京·田家炳体育馆 ,https://ww4.sinaimg.cn/large/8c2c5edfjw1eh5sxjqfkpj20g00qoaar.jpg,,北京·田家炳体育馆,2014-06-07,Flyme,2,1,0,,
3718879526707440,B7V8Qs8Uw,没运动反而猛吃了两天！深感不安啊[挖鼻屎] 西直门/动物园 ,"https://ww1.sinaimg.cn/large/8c2c5edfjw1eh5ohr7aq0j218g0xcjxs.jpg,https://ww4.sinaimg.cn/large/8c2c5edfjw1eh5oht6kkcj218g0xcagv.jpg,https://ww2.sinaimg.cn/large/8c2c5edfjw1eh5ohu5cipj218g0xctds.jpg,https://ww2.sinaimg.cn/large/8c2c5edfjw1eh5ohvj5fqj20xc18gtc5.jpg",,西直门/动物园,2014-06-07,Flyme,0,1,0,,
3718515875392641,B7LGjmCS5,有一种被献上了哈达的赶脚！[炸鸡和啤酒]🙏🙏🙏 网页链接 ,https://ww2.sinaimg.cn/large/8c2c5edfjw1eh4iq8vrwej20hr0qot9i.jpg,,,2014-06-06,Flyme,0,0,0,,
3718215807457267,B7DSkvhYv,"我的私人定制，我是自由飞翔人！哈哈哈哈哈…  我正在使用""童年梦想""封面图，好漂亮，你们都快来试试！网页链接 ",https://ww2.sinaimg.cn/large/a1d3feabjw1ecat8op0e1j20hs0hswgu.jpg,,,2014-06-05,微博会员中心,0,0,0,,
3718078569148297,B7AiYCnTb,我真是太牛了，在微博踢球游戏中已经获得13分，球技出神入化，根本停不下来！长安福特翼虎一定是我的！#世界杯#加油！微博踢球 ,https://ww2.sinaimg.cn/large/8c2c5edfjw1eh34jala9sj20u01e0gwl.jpg,,,2014-06-05,微博踢球,0,7,0,世界杯,
3718074610352526,B7AcB1tHU,分享 Bruno Mars 的歌曲《The Lazy Song》：nothing at all The Lazy Song（分享自 @虾米音乐） ,https://ww4.sinaimg.cn/large/8c2c5edfjw1eh342y7vklj20xd0xdgxf.jpg,,,2014-06-05,虾米音乐,0,0,0,,虾米音乐
3717365176961075,B7hKltcTp,竟然被 饿醒了 ,,,,2014-06-03,Flyme,0,1,0,,
3717094551772062,B7aHR7qZE,@TheOneCrew 今天破纪录了！把假期两天吃的送走[马上有对象] ,https://ww4.sinaimg.cn/large/8c2c5edfjw1egzzi56pgqj20g00qomxu.jpg,,,2014-06-02,Flyme,3,2,0,,TheOneCrew
3716694876487737,B70jdrdKV,好可怕这天气！我要怎么回去啊？！ ,,,,2014-06-01,Flyme,2,0,0,,
3716614929547390,B6YegE3Ia,#对这个看脸的世界绝望了# 你相信这是一个看脸的世界吗？ 不相信，也许是因为我的脸比较好看吧。 详情:对这个看脸的世界绝望了超话 ,,,,2014-06-01,超话,1,0,1,对这个看脸的世界绝望了,
3716553692306438,B6WDv9G0C,梦见各种人，还梦见了全能神！关键是我梦见了它的工作原理，原来就是给人算命的。。。还有就是两个男的同时出现，我不知道还喜欢谁啦[挖鼻屎] ,,,,2014-06-01,Flyme,2,0,0,,
3715744485014364,B6BAkl2sQ,今夜注定无眠！明天还三门考试呢 北京·北京林业大学10号楼 ,,,北京·北京林业大学10号楼,2014-05-30,Flyme,1,0,0,,
3715286978834815,B6pGpB4l1,@TheOneCrew 进步+鼓励 北京·田家炳体育馆 ,https://ww1.sinaimg.cn/large/8c2c5edfjw1egu7wrw642j20g00qoaar.jpg,,北京·田家炳体育馆,2014-05-28,Flyme,3,0,1,,TheOneCrew
3715131777208548,B6lE5ufgU,好冷{{(>_<)}}😨 北京·北京林业大学图书馆 ,,,北京·北京林业大学图书馆,2014-05-28,Flyme,0,1,0,,
3714559477384155,B66L1uYXh,@TheOneCrew 最喜欢傍晚时几天的感觉[带着微博去旅行] 北京·田家炳体育馆 ,https://ww3.sinaimg.cn/large/8c2c5edfjw1egrwcw5m4vj20g00qogm9.jpg,,北京·田家炳体育馆,2014-05-26,Flyme,0,5,0,,TheOneCrew
3714537557117517,B66bFtRAF,手欠我把微信升级了！ ,,,,2014-05-26,Flyme,0,5,0,,
3714463141895562,B64fE7X7A,#新疆好地方#@左心右意 @一包不够过把瘾 @我自己 新疆好地方超话 ,,,,2014-05-26,Flyme,1,0,0,新疆好地方,"左心右意,一包不够过把瘾,我自己"
3714247827138144,B5YEmtWXm,#我觉得，我室友，喜欢我#@左心右意 我觉得，我室友，喜欢我超话 ,,,,2014-05-25,Flyme,0,1,0,我觉得，我室友，喜欢我,左心右意
3713426344069704,B5Dhoh4Io,突然很为你高兴！虽然你还在乱着犹豫着！但在我眼里这也是一种幸福啊！我现在就缺一份能让我相信的爱情哈哈！@笨蛋玖2425624363 北京·北京林业大学10号楼 ,,,北京·北京林业大学10号楼,2014-05-23,Flyme,0,1,0,,笨蛋玖2425624363
3713120855699191,B5vkFnUCr,一到晚上就神清气爽！@TheOneCrew 北京·田家炳体育馆 ,https://ww4.sinaimg.cn/large/8c2c5edfjw1egnb4hoamej20g00qo74y.jpg,,北京·田家炳体育馆,2014-05-22,Flyme,1,0,0,,TheOneCrew
3713119853999375,B5vj3gMq3,我刚刚用 Nike+ 以 20'40''/英里 的速度跑了 3.80 公里。#nikeplus# 网页链接 ,,,,2014-05-22,Nikepluschina,0,0,0,nikeplus,
3712686065815058,B5k1oooLg,从坐在图书馆的一刹那，我就开始汗流不止！ 我在这里:北京·北京林业大学图书馆 ,,,北京·北京林业大学图书馆,2014-05-21,Flyme,1,7,0,,
3712638020040531,B5iLU0axJ,我的电脑什么都点不开！慢的要死！唯一就是还能开机。。。这是怎么了？ ,,,,2014-05-21,Flyme,1,0,0,,
3711594398052862,B4RCDxMUS,#我为什么没有男朋友# 我为什么没有男朋友？ 懒于社交 独立 不矫情 女汉纸＝木有男票 详情:我为什么没有男朋友超话 ,,,,2014-05-18,超话,0,0,0,,
3711590265827439,B4RvYorYX,有一种醋坛子被掀翻了的感觉，熏的眼睛想流泪！ ,,,,2014-05-18,Flyme,0,0,0,,
3711289093804394,B4JGdfXHc,看来我自拍都是一个表情一个角度哦哈哈 我在这里:北京·北京林业大学10号楼 ,https://ww2.sinaimg.cn/large/8c2c5edfjw1eghgrfp3u8j20u00u077g.jpg,,北京·北京林业大学10号楼,2014-05-17,Flyme,3,1,0,,
3711136429772603,B4FHYF0iD,方向迷失，希望破灭，丽贝卡又开始吃土，而我又开始专注于想念。 我在这里:北京·北京林业大学10号楼 ,,,北京·北京林业大学10号楼,2014-05-17,Flyme,0,0,0,,
3710532944791004,B4q0Ck6mg,just me ,https://ww3.sinaimg.cn/large/8c2c5edfjw1egf1x9zzf8j20ps12pdio.jpg,,,2014-05-15,Flyme,1,2,0,,
3709735771418196,B45gR5WW8,#爸爸去哪儿2名单#@左心右意 爸爸去哪儿2名单超话 ,,,,2014-05-13,Flyme,0,0,0,爸爸去哪儿2名单,左心右意
3708310358787974,B3ubNAS9w,#爸爸去哪儿2# #爸爸去哪儿2# 大换血，你期待吗？！ 一点也不期待~ 详情:爸爸去哪儿2超话 ,,,,2014-05-09,超话,0,0,0,"爸爸去哪儿2,爸爸去哪儿2",
3708310303356560,B3ubIe5c4,#爸爸去哪儿2#这样一点都不酷！简直不想看了！白等这么久！！！ 爸爸去哪儿2超话 ,,,,2014-05-09,Flyme,1,0,0,爸爸去哪儿2,
3707758723920528,B3fQ4grUk,想起了沙漠就想起了水，想起了爱情就想起了你。😊 我在:建章路 ,,,建章路,2014-05-08,Flyme,1,0,0,,
3706789143355118,B2QCee4OO,#路飞生日快乐# 路飞生日快乐超话 我在:建章路 ,https://ww3.sinaimg.cn/large/8c2c5edfjw1eg33yo8cijj20fj08udg8.jpg,,建章路,2014-05-05,Flyme,0,0,0,路飞生日快乐,
3705536333301642,B2k1zdQUi,就是这么的喜欢西北啊！ 我在:凤城一路 ,,,凤城一路,2014-05-01,Flyme,1,0,0,,
3704985533343365,B25Hbe1Lf,这么早就收拾好东西了简直让我无事可做 我在这里:北京·北京林业大学10号楼 ,,,北京·北京林业大学10号楼,2014-04-30,Flyme,1,0,0,,
3704095984317984,B1Iyqi7iU,还有两天！好开心！ ,https://ww1.sinaimg.cn/large/8c2c5edfjw1efuinq1ycej20hs0h4jsm.jpg,,,2014-04-27,Flyme,1,0,0,,
3703633826764688,B1wx0snNS,心飞了！ ,,,,2014-04-26,Flyme,0,0,0,,
3701185481405287,B0uQ45TzV,好爱kimi啊！ ,https://ww1.sinaimg.cn/large/8c2c5edfjw1efl8dmco8bj20c80gajrv.jpg,,,2014-04-19,Flyme,1,1,0,,
3701023161926397,B0qCg858V,今天好冷啊，我冷的浑身发抖。 我在这里:中关村 ,,,中关村,2014-04-19,Flyme,1,5,0,,
3700680298158693,B0hHfyerP,"#马尔克斯逝世#Gabriel Garcia Marquez,lie in peace. 马尔克斯逝世超话 我在:双清路 ",,,双清路,2014-04-18,Flyme,0,0,0,马尔克斯逝世,
3699913772313109,AFVdf9HKd,#你容易做梦吗#当然，只要睡觉就做，还要给人讲。 你容易做梦吗超话 我在这里:北京·北京林业大学10号楼 ,,,北京·北京林业大学10号楼,2014-04-16,Flyme,0,3,0,你容易做梦吗,
3698650481681753,AFolG73v3,哪里来的一曲悠扬？ 我在这里:北京·北京林业大学10号楼 ,,,北京·北京林业大学10号楼,2014-04-12,Flyme,0,0,0,,
3697803563531978,AF2jGeOPo,又要开始了，那就走吧！ ,,,,2014-04-10,Flyme,1,3,0,,
3696502264453083,AEusOiGrV,#喜欢什么怪味道#我喜欢口红味儿和油爆锅味儿 喜欢什么怪味道超话 ,,,,2014-04-06,Flyme,0,0,0,喜欢什么怪味道,
3695767661280675,AEblY5na3,我投给了“选项1：#我是歌手#邓紫棋”等2个选项。地址: #我是歌手#票选微博 人气歌王 ,,,,2014-04-04,手机微博触屏版,0,0,0,我是歌手,
3695413268220996,AE28myuEI,我越来越清楚的感受到我根本进不了他们的世界！他的世界！ 我在:双清路 ,,,双清路,2014-04-03,Flyme,0,1,0,,
3694890153996983,ADOwDgLNt,受不了天天在我桌子底下化妆的人！还我自由！ ,,,,2014-04-02,Flyme,0,2,0,,
3693494230674285,ADed92Ppz,分享图片 ,https://ww1.sinaimg.cn/large/8c2c5edfjw1eewp2b69ahj20g00qo775.jpg,,,2014-03-29,Flyme,0,0,0,,
3693426903836819,ADcsyg68b,没有什么比读一本关于爱情的书更让人才思泉涌的了。 也没有任何一个时刻让我比现在更不清楚我是谁了。 ,,,,2014-03-29,Flyme,0,0,0,,
3693085621778372,AD3A67sDq,感觉就像老朋友回到了我的身边那样幸福！！！ 我在这里:北京·北京林业大学10号楼 ,https://ww3.sinaimg.cn/large/8c2c5edfjw1eeve4a6s6kj20hs0np0tz.jpg,,北京·北京林业大学10号楼,2014-03-28,Flyme,1,0,0,,
3692324359768160,ACJMfEZ8Y,@人民日报 的文章 ：【不管年龄几何，都有追逐梦想的权利！】  我分享了不管年龄几何，都有追逐梦想的权利！ ,,,,2014-03-26,Flyme,0,0,0,,人民日报
3689062177024745,ABmUFttsl,#你现在最想实现的一个小愿望是#現在只想考研成功！ 你现在最想实现的一个小愿望是超话 ,,,,2014-03-17,Flyme,0,0,0,你现在最想实现的一个小愿望是,
3687252397776413,AABPFwD01,我更新了微博iPad客户端3.5.0版本啦！新版本支持：1.发布精彩多图微博；2.个人照片墙快捷查看；3.音乐播放器随手控制；4.日夜模式背景图更多选择。快来和我一起体验吧！App store下载地址：微博 HD：在 App Store 上的内容 ,https://ww3.sinaimg.cn/large/6cba0975jw1ecomnrvog3j20dc1uodon.jpg,,,2014-03-12,微博客户端,0,0,0,,
3685060635409570,AzGOzmHh8,#我心中的韩剧男神# 你喜欢哪位韩剧男神呢？ 金秀贤，金宇彬，朴有天，朴海镇，赵寅成，玄彬，郑宇，补充__ 详情:我心中的韩剧男神超话 ,,,,2014-03-06,超话,0,0,0,我心中的韩剧男神,
3684415579948061,Azq29FJWB,#爱剪短发是种病#我就爱！怎么啦？😜 爱剪短发是种病超话 ,,,,2014-03-04,Flyme,0,0,0,爱剪短发是种病,
3680179631076493,AxDPZ4w2N,#来自星星的你#这集太伤感。 来自星星的你超话 ,,,,2014-02-20,Flyme,0,0,0,来自星星的你,
3680102955432513,AxBQjmNfb,#我和叫兽谁比较酷# ,https://ww2.sinaimg.cn/large/8c2c5edfjw1edpz2w3s5lj20hs0ovdgx.jpg,,,2014-02-20,Flyme,0,6,0,,
3679488480661075,AxlRe2LYv, 我在这里:沧州·黄骅港 ,https://ww3.sinaimg.cn/large/8c2c5edfjw1edo0imlcrxj20fk0cgq3e.jpg,,沧州·黄骅港,2014-02-19,Flyme,0,0,0,,
3679488292443357,AxlQVafCZ,突然有种想学韩语的冲动！ ,,,,2014-02-19,Flyme,0,5,0,,
3679276845255209,AxglSm37r,#我想要的超能力#我要幻影显形！ 详情:我想要的超能力超话 ,,,,2014-02-18,超话,0,0,0,我想要的超能力,
3679231785114511,Axfbclsw7,说得好 ,https://ww3.sinaimg.cn/large/8c2c5edfjw1edn71kdeipj20g00qo0u0.jpg,,,2014-02-18,Flyme,0,0,0,,
3678283504127533,AwQvIhjL7,#你最近在追什么剧# 韩剧or国产 国产，封神英雄榜or其他 详情:你最近在追什么剧超话 ,,,,2014-02-15,超话,0,0,0,你最近在追什么剧,
3676355155853130,Aw2ltoyFk,#东莞挺住#东莞不哭！ 东莞挺住超话 ,,,,2014-02-10,魅族手机,0,0,0,东莞挺住,
3676154277517349,AvX7tvxBz,我多么希望，有一天我也能写出一首像样儿的诗，文字从笔尖划出，就像时光从指缝穿过，情意在纸上飘扬，先这样。[带着微博去旅行][带着微博去旅行][带着微博去旅行] ,,,,2014-02-09,魅族手机,0,0,0,,
3674013257527227,Av3qdvAaT,#大闹天宫PK爸爸去哪儿# 12 2 详情:大闹天宫PK爸爸去哪儿超话 ,,,,2014-02-03,超话,0,0,0,大闹天宫PK爸爸去哪儿,
3673308421930995,AuL5o86l5,#爸爸去哪儿#喜欢[呵呵] 爸爸去哪儿超话 我在:建国路 ,,,建国路,2014-02-01,魅族手机,0,0,0,爸爸去哪儿,
3671855779003807,Au9ipBMiH,晚安。无论梦里梦外的人们。 我在这里:北京·春晚演播大厅 ,,,北京·春晚演播大厅,2014-01-28,Android客户端,0,3,0,,
3670582073539790,AtCa3eQRo,#寒假必做的三件事#吃饭，睡觉，打豆豆儿！ 寒假必做的三件事超话 ,,,,2014-01-25,Android客户端,0,0,0,寒假必做的三件事,
3670183320869806,AtrMU3Eh8,#心爱的人你离家还有多远#中国的斜线 心爱的人你离家还有多远超话 我在这里:网页链接 ,,,,2014-01-24,Android客户端,0,0,0,心爱的人你离家还有多远,
3670182804878412,AtrM4kt64,新版微博客户端，好听，好看，更好玩！自定义个人封面；音、视频直接播放；好友圈—好友消息不错过；支持屏蔽广告微博；广场音乐、电影、美食等频道升级。快试试一键听歌：夜空中最亮的星 下载地址：网页链接 ,"https://ww2.sinaimg.cn/large/6cba0975jw1ea5fyguzscj20dc0m8dgw.jpg,https://ww4.sinaimg.cn/large/6cba0975jw1ea5fyt1smlj20dc0m8q5d.jpg,https://ww1.sinaimg.cn/large/6cba0975jw1ea5fz2spdgj20dc0m8jti.jpg,https://ww3.sinaimg.cn/large/6cba0975jw1ea5fzf4w5bj20dc0m8jta.jpg",,,2014-01-24,微博客户端,0,0,0,,
3669843201355649,AtiWk5GFj,#一句话描述下你喜欢的那个人#爱上一匹野马，可我的家里没有草原，这让我感到绝望。。。。 一句话描述下你喜欢的那个人超话 我在这里:北京·清华同方科技广场 ,,,北京·清华同方科技广场,2014-01-23,Android客户端,0,1,0,一句话描述下你喜欢的那个人,
3660280825646678,Apib8nGXs,#2013新浪微博台灣區風雲名人影響力人氣大賞#票選正式開始，立即把你最愛的偶像，拱上10大影響力人氣明星。投票戳：网页链接 @新浪台灣 ,https://ww2.sinaimg.cn/large/8c2c5edfjw1ebyqk2o5mcj205006yaa1.jpg,,,2013-12-28,tw.weibo.com,0,0,0,2013新浪微博台灣區風雲名人影響力人氣大賞,新浪台灣
3660280687473403,ApiaUvmaL,#2013新浪微博台灣區風雲名人影響力人氣大賞#票選正式開始，立即把你最愛的偶像，拱上10大影響力人氣明星。投票戳：网页链接 @新浪台灣 ,https://ww4.sinaimg.cn/large/8c2c5edfjw1ebyqjhhpn9j205006yaa1.jpg,,,2013-12-28,tw.weibo.com,0,0,0,2013新浪微博台灣區風雲名人影響力人氣大賞,新浪台灣
3659161772435402,AoP4dadyG,在平安夜这一天，我决定睡个好觉；在平安夜这一天，我突然想起了某人，心中一种莫名的汹涌；在平安夜这一天，我读了一首海子的诗，心也随他开始飘扬；在平安夜这一天，我把“去你的”考试扔到一边，哼着十七岁那年的雨季...哈哈，最后身边的远方的朋友们，愿你们平安，快乐。 ,,,,2013-12-24,微博 weibo.com,1,1,0,,
3657352056613334,Ao3ZjrKqG,分享话题 #萌ki爱你#...萌ki爱你超话 ,,,,2013-12-19,超话,0,0,0,萌ki爱你,
3657349216099640,Ao3UJpANi,#萌ki爱你#爸爸去哪儿第一季就要完结了，明天记得准时收看哦！挺你@夢想家林志穎 更爱你kimi ,,,,2013-12-19,微博 weibo.com,0,0,0,萌ki爱你,夢想家林志穎
3656245057615983,AnBbPvXgr,好想吃三鲜水饺 ,,,,2013-12-16,Android客户端,0,5,0,,
3655838016885111,AnqBjsT8b,如果在澡堂洗澡的时候，被旁边疑似女同的人盯着看，算不算非礼？@方刚 ,,,,2013-12-15,微博 weibo.com,0,1,0,,方刚
3655079376491093,An6RHreD3,能安静下来静静的读首诗吗？！ ,,,,2013-12-13,Android客户端,0,1,0,,
3654816276003873,An01lpbSF,我刚换了“雨夜”模板 网页链接 ,https://ww2.sinaimg.cn/large/6b888227jw1dw6tnybhyaj.jpg,,,2013-12-12,微博 weibo.com,0,0,0,,
3653013732187563,Amf819b5h,为什么每晚睡前都想跟某人深情地说一句：caonimabi！shabby GN. ,,,,2013-12-07,Android客户端,0,3,0,,
3652244878390027,AlV7VzcD1,微博达人怎么回事儿 ,,,,2013-12-05,微博手机版,0,0,2,,
3652242303157634,AlV3MdfrA,我正在申请微博达人，微博达人不仅拥有专属的身份标识，炫酷的微博达人勋章，还可以结识更多跟你有共同兴趣爱好的朋友，获得更多粉丝，拥有更多知己，更可优先享受新浪微博各种线上线下达人活动带来的生活便利和优惠。你也来申请吧>> 网页链接 ,,,,2013-12-05,微博达人,0,0,1,,
3652189752892996,AlTH1c8Be,真是伤透了心！！！ ,,,,2013-12-05,Android客户端,0,2,0,,
3651319522705260,Alx3qblLe,谢谢你每天把我从美梦中吵醒，让我知道现实的残酷。 ,,,,2013-12-03,Android客户端,0,0,0,,
3651100374392977,AlrlXiqOt,真的一直都没把kimi当成男孩子[雪人] ,https://ww3.sinaimg.cn/large/8c2c5edfjw1eb5g6lsqp4j20k00ciwew.jpg,,,2013-12-02,Android客户端,0,0,0,,
3650955360781108,AlnA43hcw,不知道这样的生活还要持续多久？一直到大学毕业吗？那我可怎么办？还有，你们的身体确定梦撑得住吗？？？？ ,,,,2013-12-02,Android客户端,0,0,0,,
3649617390085706,AkOM30mim,#林志颖我们相信你#@夢想家林志穎 林志颖我们相信你超话 ,,,,2013-11-28,Android客户端,0,0,0,林志颖我们相信你,夢想家林志穎
3649579997750649,AkNNJwwit,#微博益起来# 我在这里:北京·北京林业大学 ,,,北京·北京林业大学,2013-11-28,Android客户端,0,0,0,微博益起来,
3648918871553118,AkwBp6w2i,#知乎月刊HD# 【人类在预测幸福上常常存在两个错觉】 详情链接：网页链接 点击下载知乎月刊HD：网页链接 ,https://ww4.sinaimg.cn/large/8c2c5edfjw1eayhnksz5ij20hs1lx7bp.jpg,,,2013-11-26,知乎月刊HD,0,0,1,知乎月刊HD,
3647543147309994,AjWOuuFF8,Liujiaqi_858 ,https://ww1.sinaimg.cn/large/8c2c5edfjw1eau3nlef39j20hs0nqwh5.jpg,,,2013-11-22,iOS,0,0,0,,
3647541180625979,AjWLk2CQr,Liujiaqi_858 ,https://ww2.sinaimg.cn/large/8c2c5edfjw1eau3fgoz0bj20hs0nqdih.jpg,,,2013-11-22,iOS,0,0,0,,
3647540215472608,AjWJLmXFS,Liujiaqi_858 ,https://ww4.sinaimg.cn/large/8c2c5edfjw1eau3bgw2xej20hs0nqju1.jpg,,,2013-11-22,iOS,0,0,0,,
3647539431461230,AjWIv688e,Liujiaqi_858@ ,https://ww1.sinaimg.cn/large/8c2c5edfjw1eau387zw8cj20hs0nq0ve.jpg,,,2013-11-22,iOS,0,0,0,,
3647535212636509,AjWBHb3Sl,新版微博客户端，好听，好看，更好玩！自定义个人封面；音、视频直接播放；好友圈—好友消息不错过；支持屏蔽广告微博；广场音乐、电影、美食等频道升级。快试试一键听歌：夜空中最亮的星 下载地址：网页链接 ,"https://ww2.sinaimg.cn/large/6cba0975jw1ea5fyguzscj20dc0m8dgw.jpg,https://ww4.sinaimg.cn/large/6cba0975jw1ea5fyt1smlj20dc0m8q5d.jpg,https://ww1.sinaimg.cn/large/6cba0975jw1ea5fz2spdgj20dc0m8jti.jpg,https://ww3.sinaimg.cn/large/6cba0975jw1ea5fzf4w5bj20dc0m8jta.jpg",,,2013-11-22,微博客户端,0,0,0,,
3646363781124104,Ajs8i4IqI,#知乎月刊HD# 【该用怎样的心态面对自己的坏运气？】 详情链接：网页链接 点击下载知乎月刊HD：网页链接 ,https://ww2.sinaimg.cn/large/8c2c5edfjw1eaqc7fskayj20hs1pzjxv.jpg,,,2013-11-19,知乎月刊HD,0,0,0,知乎月刊HD,
3646025850285774,Ajjlf1clg,微博iPad客户端发新版啦~！3.4.1版全面支持苹果iOS7系统，完美演绎简约设计风格。快来下载体验吧！App Store下载地址：微博 HD：在 App Store 上的内容 ,https://ww2.sinaimg.cn/large/6cba0975jw1ea28xkwejjj20dc0u20vf.jpg,,,2013-11-18,iPad客户端,0,0,0,,
3644864773871157,AiP8xgf41,#吐槽双十一快递#奶奶的，我等了一周了！我的货呢？尼玛 ,,,,2013-11-15,三星Galaxy SIII,1,0,0,吐槽双十一快递,
3644260584707500,Aizq2jKDq,单！词！是！硬！伤！ ,,,,2013-11-13,三星Galaxy SIII,0,0,0,,
3643391973296021,AicP3dPrD,突然不知道该干什么了 ,,,,2013-11-11,三星Galaxy SIII,0,0,0,,
3642693421092654,AhUEm4Afs,十多年后森碟收到了四条短信，黑米：下周我要出赛F1比赛，你能来为我加油吗？石头：下周要拍个新电影，我是男主角，你当女主角，有档期吗？天天：下周米兰时装周走T台，你能陪我一起吗？森蝶只有一个回复：下周奥运会决赛，我在为卫冕而努力训练呢！哈哈哈哈哈 ,https://ww3.sinaimg.cn/large/8c2c5edfjw1eaemnu4y8tj20aw0dwgn9.jpg,,,2013-11-09,三星Galaxy SIII,1,0,0,,
3642663344006115,AhTRQgOaL,#许愿五年后#真诚希望五年后的今天，我能够穿着富有穆斯林文化特色的长袍，戴着美丽的头巾，牵着某个人的手，“悠扬”的走在伊朗的大街小巷上。Fighting[带着微博去旅行] ,,,,2013-11-09,三星Galaxy SIII,0,4,0,,
3642372929853491,AhMjqFllh,#祝李东学1127生日快乐#才把甄嬛传看完，果郡王玩的真好，我想这部戏也会对每个看过它的人的生活产生影响。@李东学 ,,,,2013-11-08,三星Galaxy SIII,2,0,1,祝李东学1127生日快乐,李东学
3642367913299689,AhMbldQoN,活人不能被尿憋死，但能憋醒。 ,,,,2013-11-08,三星Galaxy SIII,0,0,0,,
3642352801328290,AhLMY5zy2,听起来有点严重，不过我们中的很多人确实是不自知的种族主义者（分享自 @知乎日报） 网页链接 ,https://ww1.sinaimg.cn/large/8c2c5edfjw1eadjjvswozj203c03cdfl.jpg,,,2013-11-08,三星Galaxy SIII,0,0,0,,知乎日报
3642065776713236,AhEk1saq0,我好像看见了个帅哥，貌似还是我喜欢的类型哎 我在这里:北京·北京林业大学 ,,,北京·北京林业大学,2013-11-07,三星Galaxy SIII,1,0,0,,
3641925934556922,AhAGtj7sK,渺茫的希望很危险，真正有价值的希望应该包含三个成分（分享自 @知乎日报） 网页链接 ,https://ww3.sinaimg.cn/large/8c2c5edfjw1eac6izeygpj203c03bt8j.jpg,,,2013-11-07,三星Galaxy SIII,0,0,0,,知乎日报
3638655803881198,AgdC4ghFY,什么时候我们能学会不要总去评论别人的生活？（分享自 @知乎日报） 网页链接自省。 ,https://ww2.sinaimg.cn/large/8c2c5edfjw1ea1qyh2fs1j203c03cjr7.jpg,,,2013-10-29,三星Galaxy SIII,0,1,0,,知乎日报
3633952986703111,AefgSs7MH,深夜食堂 · 拒绝崩坏（分享自 @知乎日报） 网页链接 ,https://ww1.sinaimg.cn/large/8c2c5edfjw1e9mqucfn3jj20hs0hs3zr.jpg,,,2013-10-16,三星Galaxy SIII,0,3,0,,知乎日报
3631600535011796,Adg4Bl1Nq,嘻嘻哈哈的寒暄过后，转过头，竟是隐藏不住的泪水。 ,,,,2013-10-09,三星Galaxy SIII,0,3,0,,
3630918616711026,AcYkJs9Qm,睡觉前我为什么要喝茶阿！我有病！ ,,,,2013-10-08,三星Galaxy SIII,0,0,0,,
3629488983926238,Acn8Sgtoq,"miss u,Lasa. ","https://ww1.sinaimg.cn/large/8c2c5edfjw1e98i4bvm9lj20np0hsjs2.jpg,https://ww3.sinaimg.cn/large/8c2c5edfjw1e98i4depinj20np0hswfs.jpg,https://ww1.sinaimg.cn/large/8c2c5edfjw1e98i4esnb9j20hs0npt9x.jpg,https://ww2.sinaimg.cn/large/8c2c5edfjw1e98i4g0jsvj20hs0npjs0.jpg,https://ww4.sinaimg.cn/large/8c2c5edfjw1e98i4h2c5kj20np0hsq34.jpg,https://ww2.sinaimg.cn/large/8c2c5edfjw1e98i4i8mnsj20np0hsq3r.jpg",,,2013-10-04,三星Galaxy SIII,1,0,0,,
3626513582715028,Ab7JQboiM,我参与了@人民日报 的投票【你心目中的“十一”最佳旅游地是哪？】，我投给了“甘肃敦煌鸣沙山月牙泉”，你也快来表态吧！你心目中的“十一”最佳旅游地是哪？ ,https://ww4.sinaimg.cn/large/a716fd45jw1e8xymqyqdtj20sg0b7djk.jpg,,,2013-09-25,投票,0,0,0,,人民日报
3625464290005099,AaGrr01kf,在中国遇见羊群 网页链接 ,https://ww1.sinaimg.cn/large/8c2c5edfjw1e8vnxm16r5j20pl0j6tfu.jpg,,,2013-09-22,Flipboard,0,0,0,,
3625457255440027,AaGg5mPcn,深夜食堂 · 随时随地原谅自己（分享自 @知乎日报） 网页链接 ,https://ww2.sinaimg.cn/large/8c2c5edfjw1e8vn4iqk0rj20hs0gomxb.jpg,,,2013-09-22,三星Galaxy SIII,0,0,0,,知乎日报
3624671050034602,AalO10906,什么时候能面色红润有光泽，神清气爽无烦恼？[带着微博去旅行] 我在:清华东路 ,https://ww3.sinaimg.cn/large/8c2c5edfjw1e8t4sbu1mgj20dc0hsaaa.jpg,,清华东路,2013-09-20,三星Galaxy SIII,1,1,0,,
3623461236709195,A9QkHs9mP,自找委屈的人：我得故意让你们难受，让你们觉得欠我的（分享自 @知乎日报） 网页链接 ,https://ww4.sinaimg.cn/large/8c2c5edfjw1e8p9uw33nmj20hs0gowez.jpg,,,2013-09-17,三星Galaxy SIII,0,0,0,,知乎日报
3622947153011931,A9CXxcDxx,爱一个人，是什么感觉的？ ,,,,2013-09-16,三星Galaxy SIII,0,0,0,,
3621463728613682,A90mUA8Om,#带着微博去旅行#颠簸前行，纳木错。 我在:民族北路 ,"https://ww4.sinaimg.cn/large/8c2c5edfjw1e8iwgcuo8sj20np0hs75x.jpg,https://ww1.sinaimg.cn/large/8c2c5edfjw1e8iwgedpp2j20np0hsgmd.jpg",,民族北路,2013-09-11,三星Galaxy SIII,0,3,0,带着微博去旅行,
3620894645306409,A8Lz2mgrf,我想洗头！可是我不敢 我在:民族北路 ,,,民族北路,2013-09-10,三星Galaxy SIII,0,2,0,,
3619833667098555,A8jXMtMEP,我们的心理，对承担痛苦其实很在行（分享自 @知乎日报） 网页链接 ,https://ww1.sinaimg.cn/large/8c2c5edfjw1e8dp9jry23j20hs0godgj.jpg,,,2013-09-07,三星Galaxy SIII,0,0,0,,知乎日报
3619467818820634,A8arHB0Ei,亲爱的自己，我曾把全世界的温暖送给你。“瞭望”温暖~ 瞭望 ,,,,2013-09-06,三星Galaxy SIII,0,0,0,,
3618868649895988,A7URiFwoI,不怕神一样的对手，只怕傻逼一般的舍友！ ,,,,2013-09-04,三星Galaxy SIII,0,0,0,,
3618829773343426,A7TQBe1Me,「哎呀，我记不起来了！」别闹，你可能根本就没记（分享自 @知乎日报） 网页链接 ,https://ww3.sinaimg.cn/large/8c2c5edfjw1e8ahywuo3mj20hs0gn752.jpg,,,2013-09-04,三星Galaxy SIII,0,3,0,,知乎日报
3618804712460078,A7TcbajYG,【新浪微博Android客户端4.0版全新发布】你有多久没旅行了？回味旅途点滴，一起来分享旅行中的风景、美食与自拍，完成任务还有大奖哦~快开启旅行模式，#带着微博去旅行#！下载地址：网页链接 ,"https://ww1.sinaimg.cn/large/6cba0975jw1e7vanabiyij20go0l476f.jpg,https://ww4.sinaimg.cn/large/6cba0975jw1e7vanbbln1j20go0l40uh.jpg,https://ww3.sinaimg.cn/large/6cba0975jw1e7vao9vy88j20go0l4tak.jpg,https://ww4.sinaimg.cn/large/6cba0975jw1e7vaoefukij20go0l4di5.jpg",,,2013-09-04,三星Galaxy SIII,0,0,0,带着微博去旅行,
3617483980172280,A7kPY0IOI,想念你的心没变。 ,,,,2013-08-31,三星Galaxy SIII,0,3,0,,
3617324315481765,A7gGrn03z,卖点儿东西真心不易 ,,,,2013-08-31,三星Galaxy SIII,0,0,0,,
3614902851624007,A6fGR6OtF,对给我们来说，只是又一个空间的转换，可对于他们，确实又一段想念的开始。#怪兽大学# ,,,,2013-08-24,三星Galaxy SIII,0,0,0,怪兽大学,
3613867550419252,A5OL11L48,珍重。保重。 ,,,,2013-08-21,三星Galaxy SIII,0,0,0,,
3613050420490533,A5tv423BP,网页链接 #带着微博去旅行#白鸽伴我行 ,https://ww2.sinaimg.cn/large/8c2c5edfjw1e7s27qjgc8j20np0hs40p.jpg,,,2013-08-19,三星Galaxy SIII,0,0,0,带着微博去旅行,
3610062439956102,A4dLJFM2i,我之所以无所事事，天天牢骚，还真是因为我没读书！🙏 ,,,,2013-08-11,三星Galaxy SIII,0,0,0,,
3609797674502560,A46SHiTjW,不想在北京多待一分钟！以后暑假都不想在北京了！ ,,,,2013-08-10,三星Galaxy SIII,0,5,0,,
3608781147118504,A3Gr8tRQA,坚持我所想。 还有，想念你，我的小手链儿 ,https://ww4.sinaimg.cn/large/8c2c5edfjw1e7efusk40pj20bu0hs0sy.jpg,,,2013-08-07,三星Galaxy SIII,0,0,0,,
3608418515986965,A3x0fp7tX,最近倒是觉得，最大的困难并不是从山顶坠入谷底，而是在浑浊的琐碎中磨灭了美丽的梦。总是最开始的时候新奇喜欢，而渐渐了解后又变得复杂纠缠。有句话说的对，人之所以痛苦，就是在于追求本不属于你的东西。那，就这样吧。 ,,,,2013-08-06,三星Galaxy SIII,0,0,0,,
3607315754104323,A34jBhdIL,新浪微博客户端换新装！全新界面，卡片化浏览体验；主页全面升级，新增高清头图；右上角更精彩，轻松扫二维码、摇周边。新浪微博客户端3.6.0为你而改变 ！观看视频，了解更多：网页链接 下载地址：网页链接 ,https://ww2.sinaimg.cn/large/6cba0975jw1e6aynrl34lj20dc1mc458.jpg,,,2013-08-03,三星Galaxy SIII,0,0,0,,
3601047069425973,A0reODy7P,情愿在旅途中累翻，不愿在被窝里睡死~手拿艺龙客户端，来一次说走就走的旅行。全球20万家酒店底价预订返现更多。下载分享还可以抽取4999元旅行基金。爱旅行，敢出发！发短信51到951319或在APP市场下载客户端 网页链接 ,https://ww1.sinaimg.cn/large/8c2c5edfjw1e6prnjvwg7j20db0gowgc.jpg,,,2013-07-17,艺龙旅行APP,0,0,0,,
3591073643752239,zCdeYfK7Z,奶奶的，能再热点吗！！！ ,,,,2013-06-20,三星Galaxy SIII,0,0,0,,
3586697906500073,zAnpkrgXT,我刚装了#去哪儿旅图#，它能自动整理手机中的旅行照片，让去过的城市、景点一目了然，还能很方便的把照片写成游记与好友分享哦！赶紧试试 下载旅图客户端版-旅图-去哪儿网Qunar.com （来自@去哪儿旅图） ,https://ww3.sinaimg.cn/large/8c2c5edfjw1e5fzoc18csj20c80msdi3.jpg,,,2013-06-07,去哪儿旅图,0,1,0,去哪儿旅图,去哪儿旅图
3557862795819298,zohh5opRE,经济基础决定上层建筑。那么，我可否认为上层建筑就是我们的信仰？！ ,,,,2013-03-20,微博 weibo.com,0,0,0,,
3553903784059759,zmChAh27Z,北京今天天气真好！阳光不见，风沙飞舞！ ,,,,2013-03-09,微博 weibo.com,0,0,0,,
3540532170622765,zh0qt2C0B,為你，千千萬萬遍。 ,,,,2013-01-31,微博 weibo.com,0,0,0,,
3537398308451446,zfGTQzsBE,哈哈哈 又是翻翻以前的聊天记录觉得真好玩儿~甚至。。。那样的我们是不是更好？ ,,,,2013-01-22,微博 weibo.com,0,0,0,,
3532274353652086,zdxBpfk4C,爱要坦荡荡！ ,,,,2013-01-08,360安全浏览器,0,0,0,,
3521081706653750,z8QqKrUWy,分享图片Good Luck ,https://ww2.sinaimg.cn/large/8c2c5edfjw1dzmnr0qgvvj.jpg,,,2012-12-08,微博 weibo.com,0,0,0,,
3520358684046193,z8xCAgYBb,愛若繽紛亂繞，別理需趁早。 ,,,,2012-12-06,微博 weibo.com,1,0,0,,
3519885923438615,z8lk4eqxx,Harry Potter 【此生不变】的爱 ,https://ww3.sinaimg.cn/large/8c2c5edfjw1dziued201zj.jpg,,,2012-12-05,微博 weibo.com,0,0,0,,
3516714392440758,z70OHaeX4,人生道路該怎麼走？ ,,,,2012-11-26,微博 weibo.com,0,0,3,,
3480104216849158,yxBSlsJMi,龙年戴龙帽，@活动小队长 龙年送勋章。只要参与微活动的任意一个活动就可以领取龙年专属勋章“生龙活虎”。快来领取吧！网页链接 ,https://ww2.sinaimg.cn/large/62c7ba43tw1dog58z4py2j.jpg,,,2012-08-17,勋章馆,0,0,0,,活动小队长
3465601479793453,yrwAPF5IV,十年窗下无人问，一举成名天下知。有了微博无需宅，一呼百应朋友遍天下，今后必当好好织微博，并获得微博特发【一举成名】勋章。网页链接 ,https://ww4.sinaimg.cn/large/62c7ba43jw1dqr7uozysej.jpg,,,2012-07-08,勋章馆,0,0,0,,
